file	format	type	num_seqs	sum_len	min_len	avg_len	max_len	Q1	Q2	Q3	sum_gap	N50	N50_num	Q20(%)	Q30(%)	AvgQual	GC(%)	sum_n
SRR5098331.1.fastq.gz	FASTQ	DNA	2	600	300	300.0	300	300.0	300.0	300.0	0	300	1	100.00	100.00	30.00	42.67	0
SRR5098331.2.fastq.gz	FASTQ	DNA	2	600	300	300.0	300	300.0	300.0	300.0	0	300	1	100.00	100.00	30.00	43.00	0
SRR5098332.1.fastq.gz	FASTQ	DNA	7987	2396100	300	300.0	300	300.0	300.0	300.0	0	300	1	87.10	79.04	12.53	52.19	62
SRR5098332.2.fastq.gz	FASTQ	DNA	7987	2396100	300	300.0	300	300.0	300.0	300.0	0	300	1	59.80	52.31	6.46	54.57	81
SRR5098333.1.fastq.gz	FASTQ	DNA	13884	4165200	300	300.0	300	300.0	300.0	300.0	0	300	1	88.76	81.43	13.28	48.12	158
SRR5098333.2.fastq.gz	FASTQ	DNA	13884	4165200	300	300.0	300	300.0	300.0	300.0	0	300	1	62.47	54.86	6.83	49.57	133
SRR5098336.1.fastq.gz	FASTQ	DNA	3	900	300	300.0	300	300.0	300.0	300.0	0	300	1	98.11	93.11	27.32	41.89	0
SRR5098336.2.fastq.gz	FASTQ	DNA	3	900	300	300.0	300	300.0	300.0	300.0	0	300	1	80.44	72.11	10.05	41.67	0
SRR5098338.1.fastq.gz	FASTQ	DNA	9	2700	300	300.0	300	300.0	300.0	300.0	0	300	1	95.33	90.56	16.67	43.63	0
SRR5098338.2.fastq.gz	FASTQ	DNA	9	2700	300	300.0	300	300.0	300.0	300.0	0	300	1	78.19	69.11	9.74	43.59	0
SRR5098339.1.fastq.gz	FASTQ	DNA	5355	1606500	300	300.0	300	300.0	300.0	300.0	0	300	1	84.93	76.23	11.69	53.86	39
SRR5098339.2.fastq.gz	FASTQ	DNA	5355	1606500	300	300.0	300	300.0	300.0	300.0	0	300	1	57.18	49.23	6.19	56.57	40
SRR5098340.1.fastq.gz	FASTQ	DNA	7262	2178600	300	300.0	300	300.0	300.0	300.0	0	300	1	40.64	37.38	4.42	36.09	1
SRR5098340.2.fastq.gz	FASTQ	DNA	7262	2178600	300	300.0	300	300.0	300.0	300.0	0	300	1	33.84	32.00	3.86	40.19	900
SRR5098341.1.fastq.gz	FASTQ	DNA	224575	67372500	300	300.0	300	300.0	300.0	300.0	0	300	1	87.73	80.55	12.85	43.48	2231
SRR5098341.2.fastq.gz	FASTQ	DNA	224575	67372500	300	300.0	300	300.0	300.0	300.0	0	300	1	58.07	50.73	6.24	43.78	2545
SRR5098343.1.fastq.gz	FASTQ	DNA	52605	15781500	300	300.0	300	300.0	300.0	300.0	0	300	1	81.00	72.76	10.26	49.63	7
SRR5098343.2.fastq.gz	FASTQ	DNA	52605	15781500	300	300.0	300	300.0	300.0	300.0	0	300	1	59.78	52.80	6.33	50.34	3966
SRR5098346.1.fastq.gz	FASTQ	DNA	45975	13792500	300	300.0	300	300.0	300.0	300.0	0	300	1	63.60	57.96	6.77	40.13	7
SRR5098346.2.fastq.gz	FASTQ	DNA	45975	13792500	300	300.0	300	300.0	300.0	300.0	0	300	1	47.91	43.38	5.00	42.36	4300
SRR5098347.1.fastq.gz	FASTQ	DNA	1060	318000	300	300.0	300	300.0	300.0	300.0	0	300	1	100.00	100.00	30.00	50.76	1
SRR5098347.2.fastq.gz	FASTQ	DNA	1060	318000	300	300.0	300	300.0	300.0	300.0	0	300	1	100.00	100.00	30.00	53.43	0
SRR5098348.1.fastq.gz	FASTQ	DNA	8215	2464500	300	300.0	300	300.0	300.0	300.0	0	300	1	80.97	73.36	10.21	46.16	1
SRR5098348.2.fastq.gz	FASTQ	DNA	8215	2464500	300	300.0	300	300.0	300.0	300.0	0	300	1	58.08	51.59	6.09	45.54	977
SRR5098349.1.fastq.gz	FASTQ	DNA	37406	11221800	300	300.0	300	300.0	300.0	300.0	0	300	1	82.42	74.42	10.68	43.51	4
SRR5098349.2.fastq.gz	FASTQ	DNA	37406	11221800	300	300.0	300	300.0	300.0	300.0	0	300	1	63.02	55.59	6.69	43.22	2644
SRR5098351.1.fastq.gz	FASTQ	DNA	93395	28018500	300	300.0	300	300.0	300.0	300.0	0	300	1	84.30	76.18	11.25	44.41	7
SRR5098351.2.fastq.gz	FASTQ	DNA	93395	28018500	300	300.0	300	300.0	300.0	300.0	0	300	1	62.75	55.98	6.64	44.51	8453
SRR5098357.1.fastq.gz	FASTQ	DNA	12680	3804000	300	300.0	300	300.0	300.0	300.0	0	300	1	78.34	70.40	9.53	52.19	5
SRR5098357.2.fastq.gz	FASTQ	DNA	12680	3804000	300	300.0	300	300.0	300.0	300.0	0	300	1	56.20	49.88	5.88	53.05	1722
SRR5098359.1.fastq.gz	FASTQ	DNA	73193	21957900	300	300.0	300	300.0	300.0	300.0	0	300	1	82.74	75.85	10.76	40.85	12
SRR5098359.2.fastq.gz	FASTQ	DNA	73193	21957900	300	300.0	300	300.0	300.0	300.0	0	300	1	56.85	50.11	5.96	38.80	5812
SRR5098361.1.fastq.gz	FASTQ	DNA	21750	6525000	300	300.0	300	300.0	300.0	300.0	0	300	1	80.48	73.13	10.01	50.82	2
SRR5098361.2.fastq.gz	FASTQ	DNA	21750	6525000	300	300.0	300	300.0	300.0	300.0	0	300	1	58.27	52.18	6.08	51.42	1515
SRR5098364.1.fastq.gz	FASTQ	DNA	38517	11555100	300	300.0	300	300.0	300.0	300.0	0	300	1	86.37	78.98	12.22	45.07	647
SRR5098364.2.fastq.gz	FASTQ	DNA	38517	11555100	300	300.0	300	300.0	300.0	300.0	0	300	1	57.39	50.24	6.15	45.63	644
SRR5098366.1.fastq.gz	FASTQ	DNA	45052	13515600	300	300.0	300	300.0	300.0	300.0	0	300	1	87.45	80.40	12.67	43.19	660
SRR5098366.2.fastq.gz	FASTQ	DNA	45052	13515600	300	300.0	300	300.0	300.0	300.0	0	300	1	58.44	51.16	6.29	43.37	655
SRR5098367.1.fastq.gz	FASTQ	DNA	89701	26910300	300	300.0	300	300.0	300.0	300.0	0	300	1	87.50	80.32	12.75	42.95	1090
SRR5098367.2.fastq.gz	FASTQ	DNA	89701	26910300	300	300.0	300	300.0	300.0	300.0	0	300	1	58.82	51.52	6.34	42.91	1186
SRR5098368.1.fastq.gz	FASTQ	DNA	15108	4532400	300	300.0	300	300.0	300.0	300.0	0	300	1	82.53	74.49	10.62	48.29	1
SRR5098368.2.fastq.gz	FASTQ	DNA	15108	4532400	300	300.0	300	300.0	300.0	300.0	0	300	1	62.67	55.95	6.61	48.87	1151
SRR5098369.1.fastq.gz	FASTQ	DNA	27360	8208000	300	300.0	300	300.0	300.0	300.0	0	300	1	88.99	81.69	13.54	44.05	168
SRR5098369.2.fastq.gz	FASTQ	DNA	27360	8208000	300	300.0	300	300.0	300.0	300.0	0	300	1	63.13	55.36	6.90	45.26	235
SRR5098371.1.fastq.gz	FASTQ	DNA	192270	57681000	300	300.0	300	300.0	300.0	300.0	0	300	1	89.06	81.88	13.58	41.79	2160
SRR5098371.2.fastq.gz	FASTQ	DNA	192270	57681000	300	300.0	300	300.0	300.0	300.0	0	300	1	62.52	54.90	6.80	42.06	2505
SRR5098372.1.fastq.gz	FASTQ	DNA	19035	5710500	300	300.0	300	300.0	300.0	300.0	0	300	1	84.47	76.06	11.29	42.82	0
SRR5098372.2.fastq.gz	FASTQ	DNA	19035	5710500	300	300.0	300	300.0	300.0	300.0	0	300	1	62.04	55.20	6.56	42.83	2394
SRR5098373.1.fastq.gz	FASTQ	DNA	21254	6376200	300	300.0	300	300.0	300.0	300.0	0	300	1	88.19	80.72	13.03	47.94	179
SRR5098373.2.fastq.gz	FASTQ	DNA	21254	6376200	300	300.0	300	300.0	300.0	300.0	0	300	1	57.79	49.99	6.25	49.31	185
SRR5098374.1.fastq.gz	FASTQ	DNA	7761	2328300	300	300.0	300	300.0	300.0	300.0	0	300	1	88.78	80.90	13.32	52.16	40
SRR5098374.2.fastq.gz	FASTQ	DNA	7761	2328300	300	300.0	300	300.0	300.0	300.0	0	300	1	58.72	51.21	6.35	54.32	54
SRR5098375.1.fastq.gz	FASTQ	DNA	30897	9269100	300	300.0	300	300.0	300.0	300.0	0	300	1	83.01	75.85	10.84	43.45	3
SRR5098375.2.fastq.gz	FASTQ	DNA	30897	9269100	300	300.0	300	300.0	300.0	300.0	0	300	1	57.55	50.71	6.05	42.07	2530
SRR5098376.1.fastq.gz	FASTQ	DNA	16839	5051700	300	300.0	300	300.0	300.0	300.0	0	300	1	75.73	68.18	8.85	44.76	0
SRR5098376.2.fastq.gz	FASTQ	DNA	16839	5051700	300	300.0	300	300.0	300.0	300.0	0	300	1	56.15	50.24	5.85	46.43	852
SRR5098377.1.fastq.gz	FASTQ	DNA	38805	11641500	300	300.0	300	300.0	300.0	300.0	0	300	1	88.52	80.63	13.18	52.53	428
SRR5098377.2.fastq.gz	FASTQ	DNA	38805	11641500	300	300.0	300	300.0	300.0	300.0	0	300	1	59.81	51.68	6.50	56.39	486
SRR5098378.1.fastq.gz	FASTQ	DNA	33260	9978000	300	300.0	300	300.0	300.0	300.0	0	300	1	78.88	71.18	9.58	47.09	7
SRR5098378.2.fastq.gz	FASTQ	DNA	33260	9978000	300	300.0	300	300.0	300.0	300.0	0	300	1	55.18	48.90	5.78	47.35	3599
SRR5098379.1.fastq.gz	FASTQ	DNA	13571	4071300	300	300.0	300	300.0	300.0	300.0	0	300	1	49.42	44.90	5.18	38.61	3
SRR5098379.2.fastq.gz	FASTQ	DNA	13571	4071300	300	300.0	300	300.0	300.0	300.0	0	300	1	39.00	36.14	4.25	42.53	2834
SRR5098380.1.fastq.gz	FASTQ	DNA	452	135600	300	300.0	300	300.0	300.0	300.0	0	300	1	89.31	82.56	13.15	49.53	0
SRR5098380.2.fastq.gz	FASTQ	DNA	452	135600	300	300.0	300	300.0	300.0	300.0	0	300	1	56.62	49.30	6.06	52.76	0
SRR5098382.1.fastq.gz	FASTQ	DNA	3253	975900	300	300.0	300	300.0	300.0	300.0	0	300	1	82.69	75.10	10.73	43.04	0
SRR5098382.2.fastq.gz	FASTQ	DNA	3253	975900	300	300.0	300	300.0	300.0	300.0	0	300	1	54.81	48.20	5.76	41.14	330
SRR5098383.1.fastq.gz	FASTQ	DNA	1996	598800	300	300.0	300	300.0	300.0	300.0	0	300	1	74.93	70.53	8.38	38.22	1
SRR5098383.2.fastq.gz	FASTQ	DNA	1996	598800	300	300.0	300	300.0	300.0	300.0	0	300	1	61.41	55.80	6.42	40.80	11
SRR5098384.1.fastq.gz	FASTQ	DNA	79776	23932800	300	300.0	300	300.0	300.0	300.0	0	300	1	84.24	75.70	11.24	45.36	1
SRR5098384.2.fastq.gz	FASTQ	DNA	79776	23932800	300	300.0	300	300.0	300.0	300.0	0	300	1	64.30	57.48	6.84	46.08	5400
SRR5098385.1.fastq.gz	FASTQ	DNA	30772	9231600	300	300.0	300	300.0	300.0	300.0	0	300	1	87.25	80.27	12.59	41.58	295
SRR5098385.2.fastq.gz	FASTQ	DNA	30772	9231600	300	300.0	300	300.0	300.0	300.0	0	300	1	58.86	51.57	6.33	41.45	342
SRR5098386.1.fastq.gz	FASTQ	DNA	15053	4515900	300	300.0	300	300.0	300.0	300.0	0	300	1	84.76	76.42	11.70	52.94	247
SRR5098386.2.fastq.gz	FASTQ	DNA	15053	4515900	300	300.0	300	300.0	300.0	300.0	0	300	1	56.37	48.88	6.06	57.08	245
SRR5098388.1.fastq.gz	FASTQ	DNA	54993	16497900	300	300.0	300	300.0	300.0	300.0	0	300	1	83.83	75.97	11.08	49.70	2
SRR5098388.2.fastq.gz	FASTQ	DNA	54993	16497900	300	300.0	300	300.0	300.0	300.0	0	300	1	60.58	54.16	6.37	49.91	3845
SRR5098389.1.fastq.gz	FASTQ	DNA	48531	14559300	300	300.0	300	300.0	300.0	300.0	0	300	1	82.80	75.54	10.79	43.29	12
SRR5098389.2.fastq.gz	FASTQ	DNA	48531	14559300	300	300.0	300	300.0	300.0	300.0	0	300	1	57.99	51.30	6.09	41.84	5038
SRR5098390.1.fastq.gz	FASTQ	DNA	88383	26514900	300	300.0	300	300.0	300.0	300.0	0	300	1	83.43	75.37	10.99	57.65	535
SRR5098390.2.fastq.gz	FASTQ	DNA	88383	26514900	300	300.0	300	300.0	300.0	300.0	0	300	1	55.15	46.78	5.98	61.50	576
SRR5098392.1.fastq.gz	FASTQ	DNA	28650	8595000	300	300.0	300	300.0	300.0	300.0	0	300	1	88.62	80.88	13.24	52.41	350
SRR5098392.2.fastq.gz	FASTQ	DNA	28650	8595000	300	300.0	300	300.0	300.0	300.0	0	300	1	59.17	51.66	6.39	55.26	370
SRR5098393.1.fastq.gz	FASTQ	DNA	29918	8975400	300	300.0	300	300.0	300.0	300.0	0	300	1	81.03	73.14	10.25	50.23	12
SRR5098393.2.fastq.gz	FASTQ	DNA	29918	8975400	300	300.0	300	300.0	300.0	300.0	0	300	1	57.39	50.44	6.05	49.96	2895
SRR5098394.1.fastq.gz	FASTQ	DNA	105751	31725300	300	300.0	300	300.0	300.0	300.0	0	300	1	82.72	75.61	10.75	43.09	29
SRR5098394.2.fastq.gz	FASTQ	DNA	105751	31725300	300	300.0	300	300.0	300.0	300.0	0	300	1	57.20	50.49	6.00	41.56	9898
SRR5098395.1.fastq.gz	FASTQ	DNA	20510	6153000	300	300.0	300	300.0	300.0	300.0	0	300	1	87.67	80.39	12.63	43.31	255
SRR5098395.2.fastq.gz	FASTQ	DNA	20510	6153000	300	300.0	300	300.0	300.0	300.0	0	300	1	67.76	59.74	7.56	44.14	370
SRR5098396.1.fastq.gz	FASTQ	DNA	30457	9137100	300	300.0	300	300.0	300.0	300.0	0	300	1	78.28	71.20	9.45	44.02	3
SRR5098396.2.fastq.gz	FASTQ	DNA	30457	9137100	300	300.0	300	300.0	300.0	300.0	0	300	1	54.97	48.72	5.75	44.09	3238
SRR5098397.1.fastq.gz	FASTQ	DNA	33174	9952200	300	300.0	300	300.0	300.0	300.0	0	300	1	58.55	52.95	6.16	39.46	5
SRR5098397.2.fastq.gz	FASTQ	DNA	33174	9952200	300	300.0	300	300.0	300.0	300.0	0	300	1	42.84	38.87	4.58	42.24	3285
SRR5098398.1.fastq.gz	FASTQ	DNA	171368	51410400	300	300.0	300	300.0	300.0	300.0	0	300	1	84.48	76.49	11.01	37.07	38
SRR5098398.2.fastq.gz	FASTQ	DNA	171368	51410400	300	300.0	300	300.0	300.0	300.0	0	300	1	70.98	63.51	7.78	38.26	20735
SRR5098400.1.fastq.gz	FASTQ	DNA	29371	8811300	300	300.0	300	300.0	300.0	300.0	0	300	1	82.78	75.03	10.73	50.12	8
SRR5098400.2.fastq.gz	FASTQ	DNA	29371	8811300	300	300.0	300	300.0	300.0	300.0	0	300	1	59.61	53.06	6.25	50.21	3452
SRR5098401.1.fastq.gz	FASTQ	DNA	126768	38030400	300	300.0	300	300.0	300.0	300.0	0	300	1	89.22	81.84	13.73	44.70	1266
SRR5098401.2.fastq.gz	FASTQ	DNA	126768	38030400	300	300.0	300	300.0	300.0	300.0	0	300	1	64.20	56.24	7.07	46.33	1449
SRR5098402.1.fastq.gz	FASTQ	DNA	11886	3565800	300	300.0	300	300.0	300.0	300.0	0	300	1	79.99	71.58	10.01	50.96	3
SRR5098402.2.fastq.gz	FASTQ	DNA	11886	3565800	300	300.0	300	300.0	300.0	300.0	0	300	1	58.84	51.78	6.24	52.28	1432
SRR5098403.1.fastq.gz	FASTQ	DNA	85926	25777800	300	300.0	300	300.0	300.0	300.0	0	300	1	88.72	81.64	13.34	42.11	724
SRR5098403.2.fastq.gz	FASTQ	DNA	85926	25777800	300	300.0	300	300.0	300.0	300.0	0	300	1	61.65	53.77	6.71	41.99	933
SRR5098406.1.fastq.gz	FASTQ	DNA	63352	19005600	300	300.0	300	300.0	300.0	300.0	0	300	1	87.55	79.37	12.82	47.94	817
SRR5098406.2.fastq.gz	FASTQ	DNA	63352	19005600	300	300.0	300	300.0	300.0	300.0	0	300	1	64.04	55.78	7.04	49.19	938
SRR5098407.1.fastq.gz	FASTQ	DNA	3308	992400	300	300.0	300	300.0	300.0	300.0	0	300	1	88.13	80.97	13.02	42.68	19
SRR5098407.2.fastq.gz	FASTQ	DNA	3308	992400	300	300.0	300	300.0	300.0	300.0	0	300	1	58.81	51.48	6.32	42.60	34
SRR5098408.1.fastq.gz	FASTQ	DNA	4062	1218600	300	300.0	300	300.0	300.0	300.0	0	300	1	68.33	61.89	7.43	39.89	0
SRR5098408.2.fastq.gz	FASTQ	DNA	4062	1218600	300	300.0	300	300.0	300.0	300.0	0	300	1	52.78	47.47	5.46	42.05	277
SRR5098409.1.fastq.gz	FASTQ	DNA	274364	82309200	300	300.0	300	300.0	300.0	300.0	0	300	1	87.13	80.03	12.59	42.50	3293
SRR5098409.2.fastq.gz	FASTQ	DNA	274364	82309200	300	300.0	300	300.0	300.0	300.0	0	300	1	58.45	51.24	6.29	42.63	4129
SRR5098410.1.fastq.gz	FASTQ	DNA	19109	5732700	300	300.0	300	300.0	300.0	300.0	0	300	1	81.64	74.23	10.39	46.14	1
SRR5098410.2.fastq.gz	FASTQ	DNA	19109	5732700	300	300.0	300	300.0	300.0	300.0	0	300	1	58.01	51.42	6.08	45.59	900
SRR5098411.1.fastq.gz	FASTQ	DNA	21473	6441900	300	300.0	300	300.0	300.0	300.0	0	300	1	80.20	71.74	10.10	57.68	0
SRR5098411.2.fastq.gz	FASTQ	DNA	21473	6441900	300	300.0	300	300.0	300.0	300.0	0	300	1	56.85	50.09	6.01	59.74	2162
SRR5098413.1.fastq.gz	FASTQ	DNA	107363	32208900	300	300.0	300	300.0	300.0	300.0	0	300	1	87.97	80.76	12.97	43.04	1309
SRR5098413.2.fastq.gz	FASTQ	DNA	107363	32208900	300	300.0	300	300.0	300.0	300.0	0	300	1	59.57	52.12	6.42	43.23	1510
SRR5098415.1.fastq.gz	FASTQ	DNA	11170	3351000	300	300.0	300	300.0	300.0	300.0	0	300	1	87.76	80.90	12.79	41.80	120
SRR5098415.2.fastq.gz	FASTQ	DNA	11170	3351000	300	300.0	300	300.0	300.0	300.0	0	300	1	61.19	53.84	6.62	41.98	114
SRR5098416.1.fastq.gz	FASTQ	DNA	4987	1496100	300	300.0	300	300.0	300.0	300.0	0	300	1	86.30	78.57	12.03	49.09	27
SRR5098416.2.fastq.gz	FASTQ	DNA	4987	1496100	300	300.0	300	300.0	300.0	300.0	0	300	1	62.53	54.88	6.77	51.10	57
SRR5098417.1.fastq.gz	FASTQ	DNA	2242	672600	300	300.0	300	300.0	300.0	300.0	0	300	1	82.48	74.62	10.61	46.16	0
SRR5098417.2.fastq.gz	FASTQ	DNA	2242	672600	300	300.0	300	300.0	300.0	300.0	0	300	1	61.18	54.78	6.44	46.19	12
SRR5098419.1.fastq.gz	FASTQ	DNA	3	900	300	300.0	300	300.0	300.0	300.0	0	300	1	91.33	83.78	15.80	42.44	0
SRR5098419.2.fastq.gz	FASTQ	DNA	3	900	300	300.0	300	300.0	300.0	300.0	0	300	1	66.89	59.78	7.53	42.22	0
SRR5098420.1.fastq.gz	FASTQ	DNA	13722	4116600	300	300.0	300	300.0	300.0	300.0	0	300	1	88.51	81.04	13.06	50.93	50
SRR5098420.2.fastq.gz	FASTQ	DNA	13722	4116600	300	300.0	300	300.0	300.0	300.0	0	300	1	58.24	50.94	6.27	53.15	110
SRR5098421.1.fastq.gz	FASTQ	DNA	262104	78631200	300	300.0	300	300.0	300.0	300.0	0	300	1	87.52	80.01	12.73	46.98	2520
SRR5098421.2.fastq.gz	FASTQ	DNA	262104	78631200	300	300.0	300	300.0	300.0	300.0	0	300	1	57.14	49.38	6.17	47.99	3002
SRR5098425.1.fastq.gz	FASTQ	DNA	85857	25757100	300	300.0	300	300.0	300.0	300.0	0	300	1	89.52	82.17	13.94	43.85	710
SRR5098425.2.fastq.gz	FASTQ	DNA	85857	25757100	300	300.0	300	300.0	300.0	300.0	0	300	1	65.55	57.57	7.25	45.34	865
SRR5098426.1.fastq.gz	FASTQ	DNA	22787	6836100	300	300.0	300	300.0	300.0	300.0	0	300	1	81.62	73.43	10.37	49.69	2
SRR5098426.2.fastq.gz	FASTQ	DNA	22787	6836100	300	300.0	300	300.0	300.0	300.0	0	300	1	56.64	50.08	5.94	50.38	1915
SRR5098427.1.fastq.gz	FASTQ	DNA	16869	5060700	300	300.0	300	300.0	300.0	300.0	0	300	1	30.06	28.52	3.61	32.43	171
SRR5098427.2.fastq.gz	FASTQ	DNA	16869	5060700	300	300.0	300	300.0	300.0	300.0	0	300	1	25.64	24.55	3.32	39.78	214
SRR5098429.1.fastq.gz	FASTQ	DNA	15539	4661700	300	300.0	300	300.0	300.0	300.0	0	300	1	72.52	65.56	8.25	47.94	0
SRR5098429.2.fastq.gz	FASTQ	DNA	15539	4661700	300	300.0	300	300.0	300.0	300.0	0	300	1	51.04	45.82	5.34	49.15	1867
SRR5098430.1.fastq.gz	FASTQ	DNA	19244	5773200	300	300.0	300	300.0	300.0	300.0	0	300	1	82.11	74.63	10.54	47.34	2
SRR5098430.2.fastq.gz	FASTQ	DNA	19244	5773200	300	300.0	300	300.0	300.0	300.0	0	300	1	56.94	50.66	5.97	47.15	1256
SRR5098431.1.fastq.gz	FASTQ	DNA	5650	1695000	300	300.0	300	300.0	300.0	300.0	0	300	1	84.97	77.34	11.50	51.94	124
SRR5098431.2.fastq.gz	FASTQ	DNA	5650	1695000	300	300.0	300	300.0	300.0	300.0	0	300	1	52.86	45.08	5.71	55.72	146
SRR5098432.1.fastq.gz	FASTQ	DNA	6311	1893300	300	300.0	300	300.0	300.0	300.0	0	300	1	86.45	78.39	12.20	52.67	131
SRR5098432.2.fastq.gz	FASTQ	DNA	6311	1893300	300	300.0	300	300.0	300.0	300.0	0	300	1	56.41	48.22	6.11	55.40	132
SRR5098434.1.fastq.gz	FASTQ	DNA	37728	11318400	300	300.0	300	300.0	300.0	300.0	0	300	1	82.92	75.32	10.81	47.04	0
SRR5098434.2.fastq.gz	FASTQ	DNA	37728	11318400	300	300.0	300	300.0	300.0	300.0	0	300	1	58.42	51.70	6.13	46.79	1819
SRR5098435.1.fastq.gz	FASTQ	DNA	26580	7974000	300	300.0	300	300.0	300.0	300.0	0	300	1	82.74	74.36	10.73	46.99	8
SRR5098435.2.fastq.gz	FASTQ	DNA	26580	7974000	300	300.0	300	300.0	300.0	300.0	0	300	1	62.35	55.56	6.59	47.65	2087
SRR5098436.1.fastq.gz	FASTQ	DNA	112835	33850500	300	300.0	300	300.0	300.0	300.0	0	300	1	83.70	75.65	10.79	37.25	27
SRR5098436.2.fastq.gz	FASTQ	DNA	112835	33850500	300	300.0	300	300.0	300.0	300.0	0	300	1	70.60	63.09	7.73	38.09	10995
SRR5098438.1.fastq.gz	FASTQ	DNA	24926	7477800	300	300.0	300	300.0	300.0	300.0	0	300	1	82.95	75.49	10.83	46.32	1
SRR5098438.2.fastq.gz	FASTQ	DNA	24926	7477800	300	300.0	300	300.0	300.0	300.0	0	300	1	58.18	51.36	6.12	45.23	1953
SRR5098439.1.fastq.gz	FASTQ	DNA	66697	20009100	300	300.0	300	300.0	300.0	300.0	0	300	1	89.14	81.38	13.49	52.65	665
SRR5098439.2.fastq.gz	FASTQ	DNA	66697	20009100	300	300.0	300	300.0	300.0	300.0	0	300	1	59.38	52.01	6.41	54.97	982
SRR5098442.1.fastq.gz	FASTQ	DNA	30523	9156900	300	300.0	300	300.0	300.0	300.0	0	300	1	80.76	73.18	10.16	47.77	8
SRR5098442.2.fastq.gz	FASTQ	DNA	30523	9156900	300	300.0	300	300.0	300.0	300.0	0	300	1	58.04	51.58	6.09	47.90	3202
SRR5098443.1.fastq.gz	FASTQ	DNA	46376	13912800	300	300.0	300	300.0	300.0	300.0	0	300	1	87.39	79.77	12.66	47.66	551
SRR5098443.2.fastq.gz	FASTQ	DNA	46376	13912800	300	300.0	300	300.0	300.0	300.0	0	300	1	59.49	52.02	6.41	48.97	687
SRR5098444.1.fastq.gz	FASTQ	DNA	87713	26313900	300	300.0	300	300.0	300.0	300.0	0	300	1	80.76	72.55	10.12	55.69	8
SRR5098444.2.fastq.gz	FASTQ	DNA	87713	26313900	300	300.0	300	300.0	300.0	300.0	0	300	1	58.43	51.27	6.20	57.84	6899
SRR5098445.1.fastq.gz	FASTQ	DNA	2638	791400	300	300.0	300	300.0	300.0	300.0	0	300	1	86.07	78.94	11.89	46.07	4
SRR5098445.2.fastq.gz	FASTQ	DNA	2638	791400	300	300.0	300	300.0	300.0	300.0	0	300	1	57.58	50.12	6.19	47.41	0
SRR5098446.1.fastq.gz	FASTQ	DNA	37456	11236800	300	300.0	300	300.0	300.0	300.0	0	300	1	82.15	74.09	10.56	49.71	6
SRR5098446.2.fastq.gz	FASTQ	DNA	37456	11236800	300	300.0	300	300.0	300.0	300.0	0	300	1	59.08	52.39	6.22	50.19	3148
SRR5098447.1.fastq.gz	FASTQ	DNA	72804	21841200	300	300.0	300	300.0	300.0	300.0	0	300	1	88.46	80.79	13.16	49.59	744
SRR5098447.2.fastq.gz	FASTQ	DNA	72804	21841200	300	300.0	300	300.0	300.0	300.0	0	300	1	57.44	49.27	6.26	51.62	906
SRR5098449.1.fastq.gz	FASTQ	DNA	45271	13581300	300	300.0	300	300.0	300.0	300.0	0	300	1	83.22	75.62	10.81	46.31	9
SRR5098449.2.fastq.gz	FASTQ	DNA	45271	13581300	300	300.0	300	300.0	300.0	300.0	0	300	1	62.81	56.55	6.61	46.53	3914
SRR5098450.1.fastq.gz	FASTQ	DNA	54486	16345800	300	300.0	300	300.0	300.0	300.0	0	300	1	81.77	73.95	10.42	51.17	10
SRR5098450.2.fastq.gz	FASTQ	DNA	54486	16345800	300	300.0	300	300.0	300.0	300.0	0	300	1	58.78	52.40	6.16	51.66	4754
SRR5098452.1.fastq.gz	FASTQ	DNA	38055	11416500	300	300.0	300	300.0	300.0	300.0	0	300	1	78.76	70.34	9.65	55.85	6
SRR5098452.2.fastq.gz	FASTQ	DNA	38055	11416500	300	300.0	300	300.0	300.0	300.0	0	300	1	58.97	51.88	6.25	59.26	3059
SRR5098453.1.fastq.gz	FASTQ	DNA	21084	6325200	300	300.0	300	300.0	300.0	300.0	0	300	1	85.67	77.27	11.95	53.70	269
SRR5098453.2.fastq.gz	FASTQ	DNA	21084	6325200	300	300.0	300	300.0	300.0	300.0	0	300	1	56.68	49.02	6.11	56.61	339
SRR5098454.1.fastq.gz	FASTQ	DNA	15570	4671000	300	300.0	300	300.0	300.0	300.0	0	300	1	83.31	73.94	11.24	56.78	69
SRR5098454.2.fastq.gz	FASTQ	DNA	15570	4671000	300	300.0	300	300.0	300.0	300.0	0	300	1	54.42	46.58	5.87	60.13	123
SRR5098456.1.fastq.gz	FASTQ	DNA	25673	7701900	300	300.0	300	300.0	300.0	300.0	0	300	1	87.95	80.52	12.88	48.34	406
SRR5098456.2.fastq.gz	FASTQ	DNA	25673	7701900	300	300.0	300	300.0	300.0	300.0	0	300	1	59.90	51.96	6.51	50.50	492
SRR5098457.1.fastq.gz	FASTQ	DNA	27108	8132400	300	300.0	300	300.0	300.0	300.0	0	300	1	73.48	66.62	8.39	48.10	6
SRR5098457.2.fastq.gz	FASTQ	DNA	27108	8132400	300	300.0	300	300.0	300.0	300.0	0	300	1	52.17	46.47	5.45	49.68	3153
SRR5098458.1.fastq.gz	FASTQ	DNA	70848	21254400	300	300.0	300	300.0	300.0	300.0	0	300	1	86.88	78.45	12.39	57.66	1082
SRR5098458.2.fastq.gz	FASTQ	DNA	70848	21254400	300	300.0	300	300.0	300.0	300.0	0	300	1	55.18	46.80	5.99	61.85	1251
SRR5098459.1.fastq.gz	FASTQ	DNA	27273	8181900	300	300.0	300	300.0	300.0	300.0	0	300	1	83.65	75.96	11.10	43.57	1
SRR5098459.2.fastq.gz	FASTQ	DNA	27273	8181900	300	300.0	300	300.0	300.0	300.0	0	300	1	58.99	52.09	6.21	42.25	1800
SRR5098460.1.fastq.gz	FASTQ	DNA	26913	8073900	300	300.0	300	300.0	300.0	300.0	0	300	1	81.87	74.29	10.48	45.69	1
SRR5098460.2.fastq.gz	FASTQ	DNA	26913	8073900	300	300.0	300	300.0	300.0	300.0	0	300	1	58.38	51.68	6.13	45.01	1721
SRR5098461.1.fastq.gz	FASTQ	DNA	30086	9025800	300	300.0	300	300.0	300.0	300.0	0	300	1	82.40	74.76	10.68	46.14	3
SRR5098461.2.fastq.gz	FASTQ	DNA	30086	9025800	300	300.0	300	300.0	300.0	300.0	0	300	1	57.57	50.99	6.04	45.37	2746
SRR5098465.1.fastq.gz	FASTQ	DNA	3802	1140600	300	300.0	300	300.0	300.0	300.0	0	300	1	87.92	80.09	12.84	52.56	136
SRR5098465.2.fastq.gz	FASTQ	DNA	3802	1140600	300	300.0	300	300.0	300.0	300.0	0	300	1	57.69	49.67	6.26	55.47	165
SRR5098466.1.fastq.gz	FASTQ	DNA	55586	16675800	300	300.0	300	300.0	300.0	300.0	0	300	1	82.85	74.93	10.73	44.50	6
SRR5098466.2.fastq.gz	FASTQ	DNA	55586	16675800	300	300.0	300	300.0	300.0	300.0	0	300	1	61.46	54.81	6.47	44.60	4542
SRR5098467.1.fastq.gz	FASTQ	DNA	31871	9561300	300	300.0	300	300.0	300.0	300.0	0	300	1	79.61	71.66	9.80	50.45	11
SRR5098467.2.fastq.gz	FASTQ	DNA	31871	9561300	300	300.0	300	300.0	300.0	300.0	0	300	1	57.31	50.70	6.01	51.95	2834
SRR5098469.1.fastq.gz	FASTQ	DNA	87011	26103300	300	300.0	300	300.0	300.0	300.0	0	300	1	74.20	65.74	8.71	50.81	10
SRR5098469.2.fastq.gz	FASTQ	DNA	87011	26103300	300	300.0	300	300.0	300.0	300.0	0	300	1	57.49	50.95	6.06	52.33	6241
SRR5098471.1.fastq.gz	FASTQ	DNA	68140	20442000	300	300.0	300	300.0	300.0	300.0	0	300	1	87.54	80.39	12.78	42.75	609
SRR5098471.2.fastq.gz	FASTQ	DNA	68140	20442000	300	300.0	300	300.0	300.0	300.0	0	300	1	58.88	51.64	6.33	42.68	683
SRR5098472.1.fastq.gz	FASTQ	DNA	65	19500	300	300.0	300	300.0	300.0	300.0	0	300	1	72.15	65.80	8.06	42.74	0
SRR5098472.2.fastq.gz	FASTQ	DNA	65	19500	300	300.0	300	300.0	300.0	300.0	0	300	1	53.39	48.20	5.55	43.82	0
SRR5098473.1.fastq.gz	FASTQ	DNA	8038	2411400	300	300.0	300	300.0	300.0	300.0	0	300	1	82.91	75.64	10.80	44.84	0
SRR5098473.2.fastq.gz	FASTQ	DNA	8038	2411400	300	300.0	300	300.0	300.0	300.0	0	300	1	57.51	50.88	6.03	43.79	1160
SRR5098475.1.fastq.gz	FASTQ	DNA	18052	5415600	300	300.0	300	300.0	300.0	300.0	0	300	1	87.23	80.13	12.55	43.32	343
SRR5098475.2.fastq.gz	FASTQ	DNA	18052	5415600	300	300.0	300	300.0	300.0	300.0	0	300	1	59.19	51.64	6.39	43.45	346
SRR5098477.1.fastq.gz	FASTQ	DNA	73716	22114800	300	300.0	300	300.0	300.0	300.0	0	300	1	87.17	79.59	12.55	48.16	866
SRR5098477.2.fastq.gz	FASTQ	DNA	73716	22114800	300	300.0	300	300.0	300.0	300.0	0	300	1	59.81	52.06	6.48	49.29	1032
SRR5098478.1.fastq.gz	FASTQ	DNA	54139	16241700	300	300.0	300	300.0	300.0	300.0	0	300	1	82.86	74.93	10.79	42.38	14
SRR5098478.2.fastq.gz	FASTQ	DNA	54139	16241700	300	300.0	300	300.0	300.0	300.0	0	300	1	64.86	57.13	6.94	42.33	5762
SRR5098479.1.fastq.gz	FASTQ	DNA	22360	6708000	300	300.0	300	300.0	300.0	300.0	0	300	1	89.38	81.84	13.70	48.12	186
SRR5098479.2.fastq.gz	FASTQ	DNA	22360	6708000	300	300.0	300	300.0	300.0	300.0	0	300	1	62.86	54.96	6.87	50.13	176
SRR5098481.1.fastq.gz	FASTQ	DNA	26765	8029500	300	300.0	300	300.0	300.0	300.0	0	300	1	81.89	74.12	10.48	49.34	1
SRR5098481.2.fastq.gz	FASTQ	DNA	26765	8029500	300	300.0	300	300.0	300.0	300.0	0	300	1	60.37	54.08	6.33	49.58	3601
SRR5098483.1.fastq.gz	FASTQ	DNA	27977	8393100	300	300.0	300	300.0	300.0	300.0	0	300	1	72.93	66.06	8.28	46.25	3
SRR5098483.2.fastq.gz	FASTQ	DNA	27977	8393100	300	300.0	300	300.0	300.0	300.0	0	300	1	51.84	46.19	5.43	47.59	3098
SRR5098484.1.fastq.gz	FASTQ	DNA	15482	4644600	300	300.0	300	300.0	300.0	300.0	0	300	1	88.04	80.84	12.96	45.57	60
SRR5098484.2.fastq.gz	FASTQ	DNA	15482	4644600	300	300.0	300	300.0	300.0	300.0	0	300	1	59.06	51.77	6.36	46.33	82
SRR5098486.1.fastq.gz	FASTQ	DNA	16411	4923300	300	300.0	300	300.0	300.0	300.0	0	300	1	82.16	74.24	10.57	50.38	3
SRR5098486.2.fastq.gz	FASTQ	DNA	16411	4923300	300	300.0	300	300.0	300.0	300.0	0	300	1	58.48	52.04	6.13	50.47	1479
SRR5098487.1.fastq.gz	FASTQ	DNA	27380	8214000	300	300.0	300	300.0	300.0	300.0	0	300	1	87.64	79.91	12.75	50.57	250
SRR5098487.2.fastq.gz	FASTQ	DNA	27380	8214000	300	300.0	300	300.0	300.0	300.0	0	300	1	58.43	50.38	6.33	53.30	301
SRR5098488.1.fastq.gz	FASTQ	DNA	25037	7511100	300	300.0	300	300.0	300.0	300.0	0	300	1	85.57	76.82	11.79	61.58	228
SRR5098488.2.fastq.gz	FASTQ	DNA	25037	7511100	300	300.0	300	300.0	300.0	300.0	0	300	1	49.14	40.51	5.41	67.83	326
SRR5098489.1.fastq.gz	FASTQ	DNA	110126	33037800	300	300.0	300	300.0	300.0	300.0	0	300	1	88.03	80.67	12.97	45.46	1080
SRR5098489.2.fastq.gz	FASTQ	DNA	110126	33037800	300	300.0	300	300.0	300.0	300.0	0	300	1	59.77	52.28	6.45	46.29	1346
SRR5098490.1.fastq.gz	FASTQ	DNA	64891	19467300	300	300.0	300	300.0	300.0	300.0	0	300	1	82.84	75.77	10.77	42.53	6
SRR5098490.2.fastq.gz	FASTQ	DNA	64891	19467300	300	300.0	300	300.0	300.0	300.0	0	300	1	57.80	51.01	6.07	40.95	4727
SRR5098492.1.fastq.gz	FASTQ	DNA	3205	961500	300	300.0	300	300.0	300.0	300.0	0	300	1	85.35	77.58	11.67	50.00	87
SRR5098492.2.fastq.gz	FASTQ	DNA	3205	961500	300	300.0	300	300.0	300.0	300.0	0	300	1	58.68	50.88	6.33	52.63	101
SRR5098493.1.fastq.gz	FASTQ	DNA	18224	5467200	300	300.0	300	300.0	300.0	300.0	0	300	1	81.97	74.50	10.57	42.52	3
SRR5098493.2.fastq.gz	FASTQ	DNA	18224	5467200	300	300.0	300	300.0	300.0	300.0	0	300	1	58.75	51.82	6.18	41.34	1873
SRR5098494.1.fastq.gz	FASTQ	DNA	8988	2696400	300	300.0	300	300.0	300.0	300.0	0	300	1	82.71	74.78	10.75	51.74	0
SRR5098494.2.fastq.gz	FASTQ	DNA	8988	2696400	300	300.0	300	300.0	300.0	300.0	0	300	1	59.09	52.23	6.22	52.33	566
SRR5098495.1.fastq.gz	FASTQ	DNA	17494	5248200	300	300.0	300	300.0	300.0	300.0	0	300	1	76.51	69.15	9.01	49.20	2
SRR5098495.2.fastq.gz	FASTQ	DNA	17494	5248200	300	300.0	300	300.0	300.0	300.0	0	300	1	55.12	49.04	5.75	50.64	1335
SRR5098496.1.fastq.gz	FASTQ	DNA	29661	8898300	300	300.0	300	300.0	300.0	300.0	0	300	1	82.55	74.26	10.73	48.34	8
SRR5098496.2.fastq.gz	FASTQ	DNA	29661	8898300	300	300.0	300	300.0	300.0	300.0	0	300	1	58.52	51.67	6.18	48.09	3285
SRR5098498.1.fastq.gz	FASTQ	DNA	151662	45498600	300	300.0	300	300.0	300.0	300.0	0	300	1	90.00	82.69	14.21	44.02	1751
SRR5098498.2.fastq.gz	FASTQ	DNA	151662	45498600	300	300.0	300	300.0	300.0	300.0	0	300	1	65.91	57.86	7.31	45.61	2005
SRR5098499.1.fastq.gz	FASTQ	DNA	95448	28634400	300	300.0	300	300.0	300.0	300.0	0	300	1	83.86	74.99	10.98	45.36	20
SRR5098499.2.fastq.gz	FASTQ	DNA	95448	28634400	300	300.0	300	300.0	300.0	300.0	0	300	1	66.81	59.97	7.19	46.25	12871
SRR5098500.1.fastq.gz	FASTQ	DNA	104812	31443600	300	300.0	300	300.0	300.0	300.0	0	300	1	83.39	74.87	10.91	40.95	12
SRR5098500.2.fastq.gz	FASTQ	DNA	104812	31443600	300	300.0	300	300.0	300.0	300.0	0	300	1	66.58	59.84	7.13	42.11	9891
SRR5098501.1.fastq.gz	FASTQ	DNA	91884	27565200	300	300.0	300	300.0	300.0	300.0	0	300	1	87.90	80.70	12.92	44.09	1096
SRR5098501.2.fastq.gz	FASTQ	DNA	91884	27565200	300	300.0	300	300.0	300.0	300.0	0	300	1	58.63	51.16	6.32	44.58	1195
SRR5098502.1.fastq.gz	FASTQ	DNA	3739	1121700	300	300.0	300	300.0	300.0	300.0	0	300	1	86.69	79.93	12.24	41.57	3
SRR5098502.2.fastq.gz	FASTQ	DNA	3739	1121700	300	300.0	300	300.0	300.0	300.0	0	300	1	59.51	52.31	6.41	41.66	0
SRR5098503.1.fastq.gz	FASTQ	DNA	86522	25956600	300	300.0	300	300.0	300.0	300.0	0	300	1	85.39	76.48	11.85	59.66	850
SRR5098503.2.fastq.gz	FASTQ	DNA	86522	25956600	300	300.0	300	300.0	300.0	300.0	0	300	1	48.72	40.20	5.34	65.31	939
SRR5098504.1.fastq.gz	FASTQ	DNA	4018	1205400	300	300.0	300	300.0	300.0	300.0	0	300	1	90.27	83.24	14.11	46.77	17
SRR5098504.2.fastq.gz	FASTQ	DNA	4018	1205400	300	300.0	300	300.0	300.0	300.0	0	300	1	64.99	57.50	7.15	47.81	18
SRR5098506.1.fastq.gz	FASTQ	DNA	38598	11579400	300	300.0	300	300.0	300.0	300.0	0	300	1	79.68	72.21	9.82	48.15	12
SRR5098506.2.fastq.gz	FASTQ	DNA	38598	11579400	300	300.0	300	300.0	300.0	300.0	0	300	1	56.44	49.97	5.91	48.69	3871
SRR5098507.1.fastq.gz	FASTQ	DNA	42761	12828300	300	300.0	300	300.0	300.0	300.0	0	300	1	83.45	75.37	10.92	48.70	6
SRR5098507.2.fastq.gz	FASTQ	DNA	42761	12828300	300	300.0	300	300.0	300.0	300.0	0	300	1	61.67	54.42	6.53	49.67	3689
SRR5098508.1.fastq.gz	FASTQ	DNA	5490	1647000	300	300.0	300	300.0	300.0	300.0	0	300	1	78.79	70.85	9.71	53.57	0
SRR5098508.2.fastq.gz	FASTQ	DNA	5490	1647000	300	300.0	300	300.0	300.0	300.0	0	300	1	56.96	50.33	6.00	54.65	62
SRR5098510.1.fastq.gz	FASTQ	DNA	14555	4366500	300	300.0	300	300.0	300.0	300.0	0	300	1	81.81	74.02	10.44	52.99	2
SRR5098510.2.fastq.gz	FASTQ	DNA	14555	4366500	300	300.0	300	300.0	300.0	300.0	0	300	1	58.34	52.01	6.10	53.69	1808
SRR5098516.1.fastq.gz	FASTQ	DNA	15935	4780500	300	300.0	300	300.0	300.0	300.0	0	300	1	73.39	66.83	8.39	42.14	4
SRR5098516.2.fastq.gz	FASTQ	DNA	15935	4780500	300	300.0	300	300.0	300.0	300.0	0	300	1	53.45	47.93	5.56	42.41	1582
SRR5098517.1.fastq.gz	FASTQ	DNA	42617	12785100	300	300.0	300	300.0	300.0	300.0	0	300	1	82.83	75.56	10.79	43.86	13
SRR5098517.2.fastq.gz	FASTQ	DNA	42617	12785100	300	300.0	300	300.0	300.0	300.0	0	300	1	56.70	49.99	5.96	42.60	4538
SRR5098518.1.fastq.gz	FASTQ	DNA	11683	3504900	300	300.0	300	300.0	300.0	300.0	0	300	1	82.05	73.87	10.51	48.62	1
SRR5098518.2.fastq.gz	FASTQ	DNA	11683	3504900	300	300.0	300	300.0	300.0	300.0	0	300	1	57.63	50.99	6.06	49.27	1306
SRR5098519.1.fastq.gz	FASTQ	DNA	4018	1205400	300	300.0	300	300.0	300.0	300.0	0	300	1	85.53	77.75	11.75	51.95	16
SRR5098519.2.fastq.gz	FASTQ	DNA	4018	1205400	300	300.0	300	300.0	300.0	300.0	0	300	1	54.18	46.39	5.82	54.60	27
SRR5098520.1.fastq.gz	FASTQ	DNA	35316	10594800	300	300.0	300	300.0	300.0	300.0	0	300	1	82.94	75.66	10.81	43.27	5
SRR5098520.2.fastq.gz	FASTQ	DNA	35316	10594800	300	300.0	300	300.0	300.0	300.0	0	300	1	58.34	51.69	6.12	42.11	3167
SRR5098521.1.fastq.gz	FASTQ	DNA	29904	8971200	300	300.0	300	300.0	300.0	300.0	0	300	1	82.94	74.95	10.80	49.68	2
SRR5098521.2.fastq.gz	FASTQ	DNA	29904	8971200	300	300.0	300	300.0	300.0	300.0	0	300	1	59.68	53.13	6.26	50.12	2569
SRR5098522.1.fastq.gz	FASTQ	DNA	2153	645900	300	300.0	300	300.0	300.0	300.0	0	300	1	87.52	80.47	12.43	46.54	22
SRR5098522.2.fastq.gz	FASTQ	DNA	2153	645900	300	300.0	300	300.0	300.0	300.0	0	300	1	59.37	51.39	6.43	48.26	17
SRR5098523.1.fastq.gz	FASTQ	DNA	29672	8901600	300	300.0	300	300.0	300.0	300.0	0	300	1	88.03	80.17	12.89	53.74	388
SRR5098523.2.fastq.gz	FASTQ	DNA	29672	8901600	300	300.0	300	300.0	300.0	300.0	0	300	1	57.52	49.92	6.20	57.00	444
SRR5098526.1.fastq.gz	FASTQ	DNA	41931	12579300	300	300.0	300	300.0	300.0	300.0	0	300	1	78.73	71.18	9.59	48.17	6
SRR5098526.2.fastq.gz	FASTQ	DNA	41931	12579300	300	300.0	300	300.0	300.0	300.0	0	300	1	55.67	49.42	5.83	48.14	4048
SRR5098527.1.fastq.gz	FASTQ	DNA	35859	10757700	300	300.0	300	300.0	300.0	300.0	0	300	1	80.25	71.79	10.00	55.81	7
SRR5098527.2.fastq.gz	FASTQ	DNA	35859	10757700	300	300.0	300	300.0	300.0	300.0	0	300	1	55.85	49.22	5.88	57.06	2682
SRR5098529.1.fastq.gz	FASTQ	DNA	11409	3422700	300	300.0	300	300.0	300.0	300.0	0	300	1	80.23	71.74	10.11	55.25	1
SRR5098529.2.fastq.gz	FASTQ	DNA	11409	3422700	300	300.0	300	300.0	300.0	300.0	0	300	1	56.45	49.86	5.95	56.15	1108
SRR5098531.1.fastq.gz	FASTQ	DNA	5832	1749600	300	300.0	300	300.0	300.0	300.0	0	300	1	77.70	70.61	9.28	50.78	1
SRR5098531.2.fastq.gz	FASTQ	DNA	5832	1749600	300	300.0	300	300.0	300.0	300.0	0	300	1	56.35	50.49	5.86	51.93	1126
SRR5098534.1.fastq.gz	FASTQ	DNA	56021	16806300	300	300.0	300	300.0	300.0	300.0	0	300	1	80.44	71.95	10.13	52.94	11
SRR5098534.2.fastq.gz	FASTQ	DNA	56021	16806300	300	300.0	300	300.0	300.0	300.0	0	300	1	58.81	52.28	6.20	53.77	5660
SRR5098535.1.fastq.gz	FASTQ	DNA	14674	4402200	300	300.0	300	300.0	300.0	300.0	0	300	1	87.06	79.95	12.47	43.05	214
SRR5098535.2.fastq.gz	FASTQ	DNA	14674	4402200	300	300.0	300	300.0	300.0	300.0	0	300	1	60.31	52.99	6.50	43.41	299
SRR5098536.1.fastq.gz	FASTQ	DNA	21281	6384300	300	300.0	300	300.0	300.0	300.0	0	300	1	88.13	79.99	12.97	55.86	269
SRR5098536.2.fastq.gz	FASTQ	DNA	21281	6384300	300	300.0	300	300.0	300.0	300.0	0	300	1	55.63	47.47	6.03	59.70	299
SRR5098537.1.fastq.gz	FASTQ	DNA	8728	2618400	300	300.0	300	300.0	300.0	300.0	0	300	1	88.58	81.31	13.16	48.75	20
SRR5098537.2.fastq.gz	FASTQ	DNA	8728	2618400	300	300.0	300	300.0	300.0	300.0	0	300	1	59.19	51.57	6.41	50.67	29
SRR5098538.1.fastq.gz	FASTQ	DNA	9295	2788500	300	300.0	300	300.0	300.0	300.0	0	300	1	82.71	74.80	10.81	42.52	0
SRR5098538.2.fastq.gz	FASTQ	DNA	9295	2788500	300	300.0	300	300.0	300.0	300.0	0	300	1	57.40	50.58	6.04	40.68	376
SRR5098539.1.fastq.gz	FASTQ	DNA	69880	20964000	300	300.0	300	300.0	300.0	300.0	0	300	1	82.99	74.71	10.82	48.11	16
SRR5098539.2.fastq.gz	FASTQ	DNA	69880	20964000	300	300.0	300	300.0	300.0	300.0	0	300	1	62.79	55.52	6.64	47.24	6075
SRR5098540.1.fastq.gz	FASTQ	DNA	21077	6323100	300	300.0	300	300.0	300.0	300.0	0	300	1	79.60	71.17	9.88	52.30	1
SRR5098540.2.fastq.gz	FASTQ	DNA	21077	6323100	300	300.0	300	300.0	300.0	300.0	0	300	1	58.48	51.72	6.15	53.23	1660
SRR5098541.1.fastq.gz	FASTQ	DNA	48055	14416500	300	300.0	300	300.0	300.0	300.0	0	300	1	82.29	74.33	10.61	42.20	4
SRR5098541.2.fastq.gz	FASTQ	DNA	48055	14416500	300	300.0	300	300.0	300.0	300.0	0	300	1	62.05	54.68	6.57	41.44	4218
SRR5098542.1.fastq.gz	FASTQ	DNA	6024	1807200	300	300.0	300	300.0	300.0	300.0	0	300	1	87.37	80.62	12.28	47.15	178
SRR5098542.2.fastq.gz	FASTQ	DNA	6024	1807200	300	300.0	300	300.0	300.0	300.0	0	300	1	62.65	55.18	6.77	49.54	175
SRR5098543.1.fastq.gz	FASTQ	DNA	16575	4972500	300	300.0	300	300.0	300.0	300.0	0	300	1	87.29	79.47	12.55	51.20	155
SRR5098543.2.fastq.gz	FASTQ	DNA	16575	4972500	300	300.0	300	300.0	300.0	300.0	0	300	1	58.39	50.78	6.29	53.76	194
SRR5098544.1.fastq.gz	FASTQ	DNA	35223	10566900	300	300.0	300	300.0	300.0	300.0	0	300	1	59.07	53.66	6.21	39.50	6
SRR5098544.2.fastq.gz	FASTQ	DNA	35223	10566900	300	300.0	300	300.0	300.0	300.0	0	300	1	43.24	39.21	4.61	42.47	5322
SRR5098545.1.fastq.gz	FASTQ	DNA	2837	851100	300	300.0	300	300.0	300.0	300.0	0	300	1	87.49	80.39	12.75	42.22	60
SRR5098545.2.fastq.gz	FASTQ	DNA	2837	851100	300	300.0	300	300.0	300.0	300.0	0	300	1	57.88	50.58	6.22	42.00	74
SRR5098546.1.fastq.gz	FASTQ	DNA	13131	3939300	300	300.0	300	300.0	300.0	300.0	0	300	1	81.48	72.87	10.41	47.99	8
SRR5098546.2.fastq.gz	FASTQ	DNA	13131	3939300	300	300.0	300	300.0	300.0	300.0	0	300	1	58.87	52.22	6.19	48.65	950
SRR5098547.1.fastq.gz	FASTQ	DNA	662	198600	300	300.0	300	300.0	300.0	300.0	0	300	1	67.08	61.68	7.26	37.80	1
SRR5098547.2.fastq.gz	FASTQ	DNA	662	198600	300	300.0	300	300.0	300.0	300.0	0	300	1	46.31	41.04	4.96	40.00	0
SRR5098548.1.fastq.gz	FASTQ	DNA	43005	12901500	300	300.0	300	300.0	300.0	300.0	0	300	1	88.13	80.49	12.96	51.23	586
SRR5098548.2.fastq.gz	FASTQ	DNA	43005	12901500	300	300.0	300	300.0	300.0	300.0	0	300	1	59.10	51.38	6.40	53.37	813
SRR5098549.1.fastq.gz	FASTQ	DNA	45095	13528500	300	300.0	300	300.0	300.0	300.0	0	300	1	100.00	100.00	30.00	54.18	18
SRR5098549.2.fastq.gz	FASTQ	DNA	45095	13528500	300	300.0	300	300.0	300.0	300.0	0	300	1	100.00	100.00	30.00	54.76	4988
SRR5098550.1.fastq.gz	FASTQ	DNA	1	300	300	300.0	300	300.0	300.0	300.0	0	300	1	99.33	96.67	33.74	45.33	0
SRR5098550.2.fastq.gz	FASTQ	DNA	1	300	300	300.0	300	300.0	300.0	300.0	0	300	1	84.00	77.67	10.77	42.00	0
SRR5098551.1.fastq.gz	FASTQ	DNA	6185	1855500	300	300.0	300	300.0	300.0	300.0	0	300	1	76.99	70.18	9.12	46.92	0
SRR5098551.2.fastq.gz	FASTQ	DNA	6185	1855500	300	300.0	300	300.0	300.0	300.0	0	300	1	54.83	48.91	5.70	47.43	771
SRR5098554.1.fastq.gz	FASTQ	DNA	8420	2526000	300	300.0	300	300.0	300.0	300.0	0	300	1	87.25	80.19	12.58	42.97	16
SRR5098554.2.fastq.gz	FASTQ	DNA	8420	2526000	300	300.0	300	300.0	300.0	300.0	0	300	1	58.89	51.63	6.34	43.07	10
SRR5098556.1.fastq.gz	FASTQ	DNA	1461	438300	300	300.0	300	300.0	300.0	300.0	0	300	1	71.69	64.44	8.03	45.01	1
SRR5098556.2.fastq.gz	FASTQ	DNA	1461	438300	300	300.0	300	300.0	300.0	300.0	0	300	1	48.00	43.06	5.06	45.07	480
SRR5098557.1.fastq.gz	FASTQ	DNA	20893	6267900	300	300.0	300	300.0	300.0	300.0	0	300	1	82.13	74.20	10.55	49.55	6
SRR5098557.2.fastq.gz	FASTQ	DNA	20893	6267900	300	300.0	300	300.0	300.0	300.0	0	300	1	59.77	53.20	6.29	49.93	1854
SRR5098558.1.fastq.gz	FASTQ	DNA	27323	8196900	300	300.0	300	300.0	300.0	300.0	0	300	1	81.67	73.33	10.39	50.39	5
SRR5098558.2.fastq.gz	FASTQ	DNA	27323	8196900	300	300.0	300	300.0	300.0	300.0	0	300	1	58.27	51.64	6.11	50.90	3509
SRR5098559.1.fastq.gz	FASTQ	DNA	57864	17359200	300	300.0	300	300.0	300.0	300.0	0	300	1	81.45	73.63	10.36	46.52	13
SRR5098559.2.fastq.gz	FASTQ	DNA	57864	17359200	300	300.0	300	300.0	300.0	300.0	0	300	1	58.74	51.98	6.18	46.28	4920
SRR5098560.1.fastq.gz	FASTQ	DNA	62970	18891000	300	300.0	300	300.0	300.0	300.0	0	300	1	83.10	76.04	10.87	42.34	8
SRR5098560.2.fastq.gz	FASTQ	DNA	62970	18891000	300	300.0	300	300.0	300.0	300.0	0	300	1	56.99	50.23	5.98	40.62	6382
SRR5098561.1.fastq.gz	FASTQ	DNA	17721	5316300	300	300.0	300	300.0	300.0	300.0	0	300	1	87.43	79.56	12.68	50.42	143
SRR5098561.2.fastq.gz	FASTQ	DNA	17721	5316300	300	300.0	300	300.0	300.0	300.0	0	300	1	59.27	51.40	6.42	52.58	173
SRR5098564.1.fastq.gz	FASTQ	DNA	77525	23257500	300	300.0	300	300.0	300.0	300.0	0	300	1	81.49	73.68	10.41	44.63	3
SRR5098564.2.fastq.gz	FASTQ	DNA	77525	23257500	300	300.0	300	300.0	300.0	300.0	0	300	1	61.46	54.42	6.49	44.51	6404
SRR5098565.1.fastq.gz	FASTQ	DNA	44613	13383900	300	300.0	300	300.0	300.0	300.0	0	300	1	82.47	75.21	10.67	44.02	10
SRR5098565.2.fastq.gz	FASTQ	DNA	44613	13383900	300	300.0	300	300.0	300.0	300.0	0	300	1	57.80	51.19	6.07	42.77	5673
SRR5098566.1.fastq.gz	FASTQ	DNA	52630	15789000	300	300.0	300	300.0	300.0	300.0	0	300	1	85.31	78.16	11.57	48.59	830
SRR5098566.2.fastq.gz	FASTQ	DNA	52630	15789000	300	300.0	300	300.0	300.0	300.0	0	300	1	58.98	51.22	6.39	51.32	866
SRR5098568.1.fastq.gz	FASTQ	DNA	39186	11755800	300	300.0	300	300.0	300.0	300.0	0	300	1	84.23	76.72	11.19	52.07	293
SRR5098568.2.fastq.gz	FASTQ	DNA	39186	11755800	300	300.0	300	300.0	300.0	300.0	0	300	1	55.23	48.03	5.94	54.88	391
SRR5098569.1.fastq.gz	FASTQ	DNA	35295	10588500	300	300.0	300	300.0	300.0	300.0	0	300	1	73.55	66.56	8.37	46.47	5
SRR5098569.2.fastq.gz	FASTQ	DNA	35295	10588500	300	300.0	300	300.0	300.0	300.0	0	300	1	53.54	47.71	5.58	47.67	3523
SRR5098571.1.fastq.gz	FASTQ	DNA	50492	15147600	300	300.0	300	300.0	300.0	300.0	0	300	1	74.68	67.43	8.65	49.82	1
SRR5098571.2.fastq.gz	FASTQ	DNA	50492	15147600	300	300.0	300	300.0	300.0	300.0	0	300	1	53.14	47.55	5.53	51.08	5031
SRR5098572.1.fastq.gz	FASTQ	DNA	2758	827400	300	300.0	300	300.0	300.0	300.0	0	300	1	85.53	78.02	11.80	48.22	26
SRR5098572.2.fastq.gz	FASTQ	DNA	2758	827400	300	300.0	300	300.0	300.0	300.0	0	300	1	55.81	48.86	5.96	50.03	64
SRR5098573.1.fastq.gz	FASTQ	DNA	22725	6817500	300	300.0	300	300.0	300.0	300.0	0	300	1	87.06	79.29	12.43	51.26	303
SRR5098573.2.fastq.gz	FASTQ	DNA	22725	6817500	300	300.0	300	300.0	300.0	300.0	0	300	1	59.11	51.65	6.37	53.84	306
SRR5098574.1.fastq.gz	FASTQ	DNA	27229	8168700	300	300.0	300	300.0	300.0	300.0	0	300	1	82.06	74.96	10.58	41.89	2
SRR5098574.2.fastq.gz	FASTQ	DNA	27229	8168700	300	300.0	300	300.0	300.0	300.0	0	300	1	56.43	49.53	5.93	40.04	2147
SRR5098575.1.fastq.gz	FASTQ	DNA	33080	9924000	300	300.0	300	300.0	300.0	300.0	0	300	1	87.45	80.36	12.74	41.65	226
SRR5098575.2.fastq.gz	FASTQ	DNA	33080	9924000	300	300.0	300	300.0	300.0	300.0	0	300	1	59.88	52.58	6.46	41.41	207
SRR5098576.1.fastq.gz	FASTQ	DNA	8572	2571600	300	300.0	300	300.0	300.0	300.0	0	300	1	78.42	70.35	9.59	52.28	1
SRR5098576.2.fastq.gz	FASTQ	DNA	8572	2571600	300	300.0	300	300.0	300.0	300.0	0	300	1	58.16	51.80	6.10	52.83	599
SRR5098577.1.fastq.gz	FASTQ	DNA	13141	3942300	300	300.0	300	300.0	300.0	300.0	0	300	1	81.02	73.30	10.23	48.79	0
SRR5098577.2.fastq.gz	FASTQ	DNA	13141	3942300	300	300.0	300	300.0	300.0	300.0	0	300	1	57.54	50.99	6.04	49.42	879
SRR5098578.1.fastq.gz	FASTQ	DNA	7012	2103600	300	300.0	300	300.0	300.0	300.0	0	300	1	77.12	69.25	9.25	56.71	1
SRR5098578.2.fastq.gz	FASTQ	DNA	7012	2103600	300	300.0	300	300.0	300.0	300.0	0	300	1	53.22	46.91	5.61	59.51	201
SRR5098579.1.fastq.gz	FASTQ	DNA	23932	7179600	300	300.0	300	300.0	300.0	300.0	0	300	1	80.95	72.97	10.21	53.90	4
SRR5098579.2.fastq.gz	FASTQ	DNA	23932	7179600	300	300.0	300	300.0	300.0	300.0	0	300	1	56.94	50.43	5.98	54.37	2497
SRR5098580.1.fastq.gz	FASTQ	DNA	187	56100	300	300.0	300	300.0	300.0	300.0	0	300	1	49.20	44.68	5.16	41.25	0
SRR5098580.2.fastq.gz	FASTQ	DNA	187	56100	300	300.0	300	300.0	300.0	300.0	0	300	1	37.26	33.35	4.18	46.62	0
SRR5098581.1.fastq.gz	FASTQ	DNA	26860	8058000	300	300.0	300	300.0	300.0	300.0	0	300	1	83.45	75.80	10.94	50.57	0
SRR5098581.2.fastq.gz	FASTQ	DNA	26860	8058000	300	300.0	300	300.0	300.0	300.0	0	300	1	57.10	50.36	6.00	50.75	1955
SRR5098582.1.fastq.gz	FASTQ	DNA	66864	20059200	300	300.0	300	300.0	300.0	300.0	0	300	1	83.14	76.16	10.87	41.80	11
SRR5098582.2.fastq.gz	FASTQ	DNA	66864	20059200	300	300.0	300	300.0	300.0	300.0	0	300	1	57.40	50.63	6.02	40.03	5599
SRR5098583.1.fastq.gz	FASTQ	DNA	33624	10087200	300	300.0	300	300.0	300.0	300.0	0	300	1	81.57	74.72	10.36	40.85	5
SRR5098583.2.fastq.gz	FASTQ	DNA	33624	10087200	300	300.0	300	300.0	300.0	300.0	0	300	1	56.57	49.91	5.92	39.13	2900
SRR5098584.1.fastq.gz	FASTQ	DNA	26191	7857300	300	300.0	300	300.0	300.0	300.0	0	300	1	72.24	65.20	8.16	47.78	6
SRR5098584.2.fastq.gz	FASTQ	DNA	26191	7857300	300	300.0	300	300.0	300.0	300.0	0	300	1	52.81	47.36	5.51	49.47	3285
SRR5098586.1.fastq.gz	FASTQ	DNA	22421	6726300	300	300.0	300	300.0	300.0	300.0	0	300	1	72.92	65.90	8.27	44.68	10
SRR5098586.2.fastq.gz	FASTQ	DNA	22421	6726300	300	300.0	300	300.0	300.0	300.0	0	300	1	54.84	49.21	5.70	46.22	2101
SRR5098589.1.fastq.gz	FASTQ	DNA	29589	8876700	300	300.0	300	300.0	300.0	300.0	0	300	1	76.32	68.91	8.98	49.49	1
SRR5098589.2.fastq.gz	FASTQ	DNA	29589	8876700	300	300.0	300	300.0	300.0	300.0	0	300	1	55.36	49.36	5.77	50.69	2849
SRR5098590.1.fastq.gz	FASTQ	DNA	81888	24566400	300	300.0	300	300.0	300.0	300.0	0	300	1	40.74	37.08	4.45	34.67	31
SRR5098590.2.fastq.gz	FASTQ	DNA	81888	24566400	300	300.0	300	300.0	300.0	300.0	0	300	1	32.00	30.02	3.75	40.41	15340
SRR5098591.1.fastq.gz	FASTQ	DNA	14027	4208100	300	300.0	300	300.0	300.0	300.0	0	300	1	79.57	71.14	9.89	53.38	0
SRR5098591.2.fastq.gz	FASTQ	DNA	14027	4208100	300	300.0	300	300.0	300.0	300.0	0	300	1	59.39	52.46	6.28	55.56	959
SRR5098592.1.fastq.gz	FASTQ	DNA	2988	896400	300	300.0	300	300.0	300.0	300.0	0	300	1	86.05	78.54	11.99	50.17	5
SRR5098592.2.fastq.gz	FASTQ	DNA	2988	896400	300	300.0	300	300.0	300.0	300.0	0	300	1	58.08	50.52	6.27	52.46	18
SRR5098593.1.fastq.gz	FASTQ	DNA	43027	12908100	300	300.0	300	300.0	300.0	300.0	0	300	1	87.45	80.05	12.65	47.46	604
SRR5098593.2.fastq.gz	FASTQ	DNA	43027	12908100	300	300.0	300	300.0	300.0	300.0	0	300	1	59.94	52.19	6.49	48.68	731
SRR5098594.1.fastq.gz	FASTQ	DNA	4985	1495500	300	300.0	300	300.0	300.0	300.0	0	300	1	82.24	74.42	10.53	50.91	0
SRR5098594.2.fastq.gz	FASTQ	DNA	4985	1495500	300	300.0	300	300.0	300.0	300.0	0	300	1	60.11	53.80	6.30	51.38	345
SRR5098595.1.fastq.gz	FASTQ	DNA	37431	11229300	300	300.0	300	300.0	300.0	300.0	0	300	1	89.04	81.08	13.50	53.89	601
SRR5098595.2.fastq.gz	FASTQ	DNA	37431	11229300	300	300.0	300	300.0	300.0	300.0	0	300	1	58.39	50.26	6.33	57.60	683
SRR5098596.1.fastq.gz	FASTQ	DNA	15831	4749300	300	300.0	300	300.0	300.0	300.0	0	300	1	80.36	72.37	9.95	44.12	0
SRR5098596.2.fastq.gz	FASTQ	DNA	15831	4749300	300	300.0	300	300.0	300.0	300.0	0	300	1	61.40	55.16	6.44	45.14	1609
SRR5098597.1.fastq.gz	FASTQ	DNA	26675	8002500	300	300.0	300	300.0	300.0	300.0	0	300	1	82.21	74.60	10.58	45.21	2
SRR5098597.2.fastq.gz	FASTQ	DNA	26675	8002500	300	300.0	300	300.0	300.0	300.0	0	300	1	60.73	53.67	6.40	44.37	2765
SRR5098598.1.fastq.gz	FASTQ	DNA	53811	16143300	300	300.0	300	300.0	300.0	300.0	0	300	1	82.70	75.41	10.75	42.09	0
SRR5098598.2.fastq.gz	FASTQ	DNA	53811	16143300	300	300.0	300	300.0	300.0	300.0	0	300	1	58.70	51.61	6.18	40.82	4095
SRR5098599.1.fastq.gz	FASTQ	DNA	25196	7558800	300	300.0	300	300.0	300.0	300.0	0	300	1	83.42	75.57	10.96	46.65	0
SRR5098599.2.fastq.gz	FASTQ	DNA	25196	7558800	300	300.0	300	300.0	300.0	300.0	0	300	1	59.66	52.68	6.29	46.75	1774
SRR5098600.1.fastq.gz	FASTQ	DNA	41135	12340500	300	300.0	300	300.0	300.0	300.0	0	300	1	82.78	75.81	10.78	41.97	2
SRR5098600.2.fastq.gz	FASTQ	DNA	41135	12340500	300	300.0	300	300.0	300.0	300.0	0	300	1	57.32	50.54	6.01	40.27	3418
SRR5098601.1.fastq.gz	FASTQ	DNA	45477	13643100	300	300.0	300	300.0	300.0	300.0	0	300	1	86.69	78.92	12.41	47.21	582
SRR5098601.2.fastq.gz	FASTQ	DNA	45477	13643100	300	300.0	300	300.0	300.0	300.0	0	300	1	58.94	51.40	6.35	48.39	727
SRR5098602.1.fastq.gz	FASTQ	DNA	57602	17280600	300	300.0	300	300.0	300.0	300.0	0	300	1	82.63	75.40	10.72	44.44	19
SRR5098602.2.fastq.gz	FASTQ	DNA	57602	17280600	300	300.0	300	300.0	300.0	300.0	0	300	1	57.07	50.29	5.99	43.33	5144
SRR5098603.1.fastq.gz	FASTQ	DNA	16225	4867500	300	300.0	300	300.0	300.0	300.0	0	300	1	88.51	80.78	13.25	49.42	204
SRR5098603.2.fastq.gz	FASTQ	DNA	16225	4867500	300	300.0	300	300.0	300.0	300.0	0	300	1	58.21	50.23	6.30	51.21	329
SRR5098604.1.fastq.gz	FASTQ	DNA	46816	14044800	300	300.0	300	300.0	300.0	300.0	0	300	1	83.09	76.17	10.87	41.25	13
SRR5098604.2.fastq.gz	FASTQ	DNA	46816	14044800	300	300.0	300	300.0	300.0	300.0	0	300	1	56.77	49.90	5.96	39.19	4984
SRR5098605.1.fastq.gz	FASTQ	DNA	19589	5876700	300	300.0	300	300.0	300.0	300.0	0	300	1	87.57	79.77	12.70	52.96	123
SRR5098605.2.fastq.gz	FASTQ	DNA	19589	5876700	300	300.0	300	300.0	300.0	300.0	0	300	1	56.52	48.60	6.12	56.89	135
SRR5098606.1.fastq.gz	FASTQ	DNA	2166	649800	300	300.0	300	300.0	300.0	300.0	0	300	1	89.11	81.25	13.48	53.37	7
SRR5098606.2.fastq.gz	FASTQ	DNA	2166	649800	300	300.0	300	300.0	300.0	300.0	0	300	1	59.88	51.73	6.50	57.35	0
SRR5098607.1.fastq.gz	FASTQ	DNA	300287	90086100	300	300.0	300	300.0	300.0	300.0	0	300	1	89.50	82.39	13.55	47.67	3412
SRR5098607.2.fastq.gz	FASTQ	DNA	300287	90086100	300	300.0	300	300.0	300.0	300.0	0	300	1	64.38	56.00	7.03	50.05	4049
SRR5098609.1.fastq.gz	FASTQ	DNA	8718	2615400	300	300.0	300	300.0	300.0	300.0	0	300	1	86.64	78.61	12.22	56.38	91
SRR5098609.2.fastq.gz	FASTQ	DNA	8718	2615400	300	300.0	300	300.0	300.0	300.0	0	300	1	54.15	46.28	5.84	61.06	137
SRR5098610.1.fastq.gz	FASTQ	DNA	59358	17807400	300	300.0	300	300.0	300.0	300.0	0	300	1	84.67	76.21	11.38	44.20	10
SRR5098610.2.fastq.gz	FASTQ	DNA	59358	17807400	300	300.0	300	300.0	300.0	300.0	0	300	1	64.92	58.20	6.91	44.72	5866
SRR5098611.1.fastq.gz	FASTQ	DNA	14928	4478400	300	300.0	300	300.0	300.0	300.0	0	300	1	87.79	80.07	12.74	50.26	92
SRR5098611.2.fastq.gz	FASTQ	DNA	14928	4478400	300	300.0	300	300.0	300.0	300.0	0	300	1	59.55	51.55	6.45	53.02	116
SRR5098613.1.fastq.gz	FASTQ	DNA	6450	1935000	300	300.0	300	300.0	300.0	300.0	0	300	1	77.84	70.35	9.35	48.35	3
SRR5098613.2.fastq.gz	FASTQ	DNA	6450	1935000	300	300.0	300	300.0	300.0	300.0	0	300	1	55.96	49.70	5.84	49.20	704
SRR5098614.1.fastq.gz	FASTQ	DNA	81540	24462000	300	300.0	300	300.0	300.0	300.0	0	300	1	81.90	74.29	10.50	46.67	17
SRR5098614.2.fastq.gz	FASTQ	DNA	81540	24462000	300	300.0	300	300.0	300.0	300.0	0	300	1	57.50	50.83	6.04	46.67	6688
SRR5098668.1.fastq.gz	FASTQ	DNA	26810	8043000	300	300.0	300	300.0	300.0	300.0	0	300	1	88.31	80.84	13.11	47.79	173
SRR5098668.2.fastq.gz	FASTQ	DNA	26810	8043000	300	300.0	300	300.0	300.0	300.0	0	300	1	60.60	53.06	6.56	49.12	140
SRR5098669.1.fastq.gz	FASTQ	DNA	25526	7657800	300	300.0	300	300.0	300.0	300.0	0	300	1	83.01	75.48	10.83	44.81	6
SRR5098669.2.fastq.gz	FASTQ	DNA	25526	7657800	300	300.0	300	300.0	300.0	300.0	0	300	1	59.32	52.54	6.24	44.30	1799
SRR5098671.1.fastq.gz	FASTQ	DNA	37104	11131200	300	300.0	300	300.0	300.0	300.0	0	300	1	82.26	74.78	10.58	47.44	8
SRR5098671.2.fastq.gz	FASTQ	DNA	37104	11131200	300	300.0	300	300.0	300.0	300.0	0	300	1	57.35	50.81	6.00	46.96	3767
SRR5098673.1.fastq.gz	FASTQ	DNA	64770	19431000	300	300.0	300	300.0	300.0	300.0	0	300	1	82.78	75.47	10.76	43.51	4
SRR5098673.2.fastq.gz	FASTQ	DNA	64770	19431000	300	300.0	300	300.0	300.0	300.0	0	300	1	57.73	50.88	6.07	42.25	6507
SRR5098675.1.fastq.gz	FASTQ	DNA	47161	14148300	300	300.0	300	300.0	300.0	300.0	0	300	1	82.08	73.92	10.54	50.58	15
SRR5098675.2.fastq.gz	FASTQ	DNA	47161	14148300	300	300.0	300	300.0	300.0	300.0	0	300	1	58.34	51.69	6.13	51.24	4989
SRR5098676.1.fastq.gz	FASTQ	DNA	6928	2078400	300	300.0	300	300.0	300.0	300.0	0	300	1	78.65	70.63	9.60	56.33	0
SRR5098676.2.fastq.gz	FASTQ	DNA	6928	2078400	300	300.0	300	300.0	300.0	300.0	0	300	1	56.40	49.68	5.93	54.58	374
SRR5098677.1.fastq.gz	FASTQ	DNA	104592	31377600	300	300.0	300	300.0	300.0	300.0	0	300	1	31.50	28.99	3.77	32.42	51
SRR5098677.2.fastq.gz	FASTQ	DNA	104592	31377600	300	300.0	300	300.0	300.0	300.0	0	300	1	25.68	24.64	3.33	38.37	19998
SRR5098678.1.fastq.gz	FASTQ	DNA	5157	1547100	300	300.0	300	300.0	300.0	300.0	0	300	1	86.95	79.61	12.49	44.45	22
SRR5098678.2.fastq.gz	FASTQ	DNA	5157	1547100	300	300.0	300	300.0	300.0	300.0	0	300	1	58.27	50.75	6.29	44.84	49
SRR5098679.1.fastq.gz	FASTQ	DNA	71980	21594000	300	300.0	300	300.0	300.0	300.0	0	300	1	81.83	73.86	10.40	57.35	8
SRR5098679.2.fastq.gz	FASTQ	DNA	71980	21594000	300	300.0	300	300.0	300.0	300.0	0	300	1	55.92	49.19	5.94	59.69	7739
SRR5098680.1.fastq.gz	FASTQ	DNA	37625	11287500	300	300.0	300	300.0	300.0	300.0	0	300	1	87.67	80.52	12.67	45.21	337
SRR5098680.2.fastq.gz	FASTQ	DNA	37625	11287500	300	300.0	300	300.0	300.0	300.0	0	300	1	60.33	52.92	6.49	46.20	376
SRR5098681.1.fastq.gz	FASTQ	DNA	40696	12208800	300	300.0	300	300.0	300.0	300.0	0	300	1	80.40	72.24	10.10	50.41	9
SRR5098681.2.fastq.gz	FASTQ	DNA	40696	12208800	300	300.0	300	300.0	300.0	300.0	0	300	1	59.17	52.56	6.23	50.82	3547
SRR5098682.1.fastq.gz	FASTQ	DNA	24579	7373700	300	300.0	300	300.0	300.0	300.0	0	300	1	80.15	71.97	9.99	52.98	1
SRR5098682.2.fastq.gz	FASTQ	DNA	24579	7373700	300	300.0	300	300.0	300.0	300.0	0	300	1	57.25	50.74	6.02	53.83	2013
SRR5098685.1.fastq.gz	FASTQ	DNA	36911	11073300	300	300.0	300	300.0	300.0	300.0	0	300	1	82.04	74.85	10.51	44.17	1
SRR5098685.2.fastq.gz	FASTQ	DNA	36911	11073300	300	300.0	300	300.0	300.0	300.0	0	300	1	57.42	50.75	6.02	43.18	2249
SRR5098687.1.fastq.gz	FASTQ	DNA	39402	11820600	300	300.0	300	300.0	300.0	300.0	0	300	1	88.02	80.19	12.97	50.38	415
SRR5098687.2.fastq.gz	FASTQ	DNA	39402	11820600	300	300.0	300	300.0	300.0	300.0	0	300	1	59.17	51.24	6.41	52.82	368
SRR5098688.1.fastq.gz	FASTQ	DNA	26939	8081700	300	300.0	300	300.0	300.0	300.0	0	300	1	82.80	75.23	10.72	49.72	8
SRR5098688.2.fastq.gz	FASTQ	DNA	26939	8081700	300	300.0	300	300.0	300.0	300.0	0	300	1	58.53	51.69	6.15	49.93	2864
SRR5098689.1.fastq.gz	FASTQ	DNA	58573	17571900	300	300.0	300	300.0	300.0	300.0	0	300	1	83.75	76.57	11.08	41.29	18
SRR5098689.2.fastq.gz	FASTQ	DNA	58573	17571900	300	300.0	300	300.0	300.0	300.0	0	300	1	58.90	51.88	6.19	39.62	5745
SRR5098690.1.fastq.gz	FASTQ	DNA	8218	2465400	300	300.0	300	300.0	300.0	300.0	0	300	1	87.76	80.35	12.74	48.24	224
SRR5098690.2.fastq.gz	FASTQ	DNA	8218	2465400	300	300.0	300	300.0	300.0	300.0	0	300	1	59.76	51.77	6.49	49.70	215
SRR5098693.1.fastq.gz	FASTQ	DNA	23293	6987900	300	300.0	300	300.0	300.0	300.0	0	300	1	81.06	72.78	10.24	53.26	2
SRR5098693.2.fastq.gz	FASTQ	DNA	23293	6987900	300	300.0	300	300.0	300.0	300.0	0	300	1	56.62	50.03	5.96	54.09	1248
SRR5098694.1.fastq.gz	FASTQ	DNA	27915	8374500	300	300.0	300	300.0	300.0	300.0	0	300	1	83.15	75.29	10.83	46.10	3
SRR5098694.2.fastq.gz	FASTQ	DNA	27915	8374500	300	300.0	300	300.0	300.0	300.0	0	300	1	62.70	56.32	6.61	46.22	2250
SRR5098695.1.fastq.gz	FASTQ	DNA	28178	8453400	300	300.0	300	300.0	300.0	300.0	0	300	1	83.74	75.89	11.01	45.89	0
SRR5098695.2.fastq.gz	FASTQ	DNA	28178	8453400	300	300.0	300	300.0	300.0	300.0	0	300	1	61.80	54.84	6.53	45.76	3004
SRR5098696.1.fastq.gz	FASTQ	DNA	25186	7555800	300	300.0	300	300.0	300.0	300.0	0	300	1	81.76	74.45	10.47	43.10	7
SRR5098696.2.fastq.gz	FASTQ	DNA	25186	7555800	300	300.0	300	300.0	300.0	300.0	0	300	1	57.95	51.40	6.07	41.81	2029
SRR5098697.1.fastq.gz	FASTQ	DNA	44461	13338300	300	300.0	300	300.0	300.0	300.0	0	300	1	81.36	73.44	10.34	49.80	7
SRR5098697.2.fastq.gz	FASTQ	DNA	44461	13338300	300	300.0	300	300.0	300.0	300.0	0	300	1	58.85	52.50	6.17	50.12	3999
SRR5098698.1.fastq.gz	FASTQ	DNA	120348	36104400	300	300.0	300	300.0	300.0	300.0	0	300	1	83.28	74.85	10.91	60.15	1475
SRR5098698.2.fastq.gz	FASTQ	DNA	120348	36104400	300	300.0	300	300.0	300.0	300.0	0	300	1	48.26	40.19	5.30	66.46	1710
SRR5098699.1.fastq.gz	FASTQ	DNA	11363	3408900	300	300.0	300	300.0	300.0	300.0	0	300	1	85.46	76.83	11.81	58.81	70
SRR5098699.2.fastq.gz	FASTQ	DNA	11363	3408900	300	300.0	300	300.0	300.0	300.0	0	300	1	51.03	42.90	5.53	64.55	126
SRR5098700.1.fastq.gz	FASTQ	DNA	1350	405000	300	300.0	300	300.0	300.0	300.0	0	300	1	85.72	78.76	11.81	43.13	0
SRR5098700.2.fastq.gz	FASTQ	DNA	1350	405000	300	300.0	300	300.0	300.0	300.0	0	300	1	58.63	51.68	6.27	43.64	0
SRR5098701.1.fastq.gz	FASTQ	DNA	33873	10161900	300	300.0	300	300.0	300.0	300.0	0	300	1	82.82	74.92	10.75	51.25	6
SRR5098701.2.fastq.gz	FASTQ	DNA	33873	10161900	300	300.0	300	300.0	300.0	300.0	0	300	1	58.90	52.17	6.19	51.66	3484
SRR5098702.1.fastq.gz	FASTQ	DNA	274703	82410900	300	300.0	300	300.0	300.0	300.0	0	300	1	82.08	72.89	10.72	59.57	3531
SRR5098702.2.fastq.gz	FASTQ	DNA	274703	82410900	300	300.0	300	300.0	300.0	300.0	0	300	1	52.59	45.15	5.64	62.57	4163
SRR5098704.1.fastq.gz	FASTQ	DNA	41344	12403200	300	300.0	300	300.0	300.0	300.0	0	300	1	83.05	75.19	10.83	49.31	12
SRR5098704.2.fastq.gz	FASTQ	DNA	41344	12403200	300	300.0	300	300.0	300.0	300.0	0	300	1	60.27	53.81	6.34	49.35	3312
SRR5098705.1.fastq.gz	FASTQ	DNA	93815	28144500	300	300.0	300	300.0	300.0	300.0	0	300	1	87.68	80.61	12.81	42.33	1237
SRR5098705.2.fastq.gz	FASTQ	DNA	93815	28144500	300	300.0	300	300.0	300.0	300.0	0	300	1	58.83	51.56	6.33	42.20	1481
SRR5098706.1.fastq.gz	FASTQ	DNA	3344	1003200	300	300.0	300	300.0	300.0	300.0	0	300	1	76.52	68.74	9.10	51.44	0
SRR5098706.2.fastq.gz	FASTQ	DNA	3344	1003200	300	300.0	300	300.0	300.0	300.0	0	300	1	57.61	51.27	6.02	52.38	348
SRR5098708.1.fastq.gz	FASTQ	DNA	6	1800	300	300.0	300	300.0	300.0	300.0	0	300	1	75.28	66.56	9.01	49.67	0
SRR5098708.2.fastq.gz	FASTQ	DNA	6	1800	300	300.0	300	300.0	300.0	300.0	0	300	1	52.28	45.44	5.60	48.56	0
SRR5098710.1.fastq.gz	FASTQ	DNA	935	280500	300	300.0	300	300.0	300.0	300.0	0	300	1	75.07	67.72	8.72	47.54	0
SRR5098710.2.fastq.gz	FASTQ	DNA	935	280500	300	300.0	300	300.0	300.0	300.0	0	300	1	54.46	48.92	5.69	48.82	144
SRR5098713.1.fastq.gz	FASTQ	DNA	27901	8370300	300	300.0	300	300.0	300.0	300.0	0	300	1	82.34	74.64	10.65	47.76	7
SRR5098713.2.fastq.gz	FASTQ	DNA	27901	8370300	300	300.0	300	300.0	300.0	300.0	0	300	1	57.85	51.24	6.07	47.38	2415
SRR5098714.1.fastq.gz	FASTQ	DNA	11542	3462600	300	300.0	300	300.0	300.0	300.0	0	300	1	77.21	69.43	9.20	45.39	7
SRR5098714.2.fastq.gz	FASTQ	DNA	11542	3462600	300	300.0	300	300.0	300.0	300.0	0	300	1	58.25	51.97	6.09	46.71	1655
SRR5098715.1.fastq.gz	FASTQ	DNA	34359	10307700	300	300.0	300	300.0	300.0	300.0	0	300	1	80.25	72.47	10.03	47.77	5
SRR5098715.2.fastq.gz	FASTQ	DNA	34359	10307700	300	300.0	300	300.0	300.0	300.0	0	300	1	57.77	51.17	6.06	47.36	4165
SRR5098716.1.fastq.gz	FASTQ	DNA	3	900	300	300.0	300	300.0	300.0	300.0	0	300	1	88.33	81.33	12.69	43.67	0
SRR5098716.2.fastq.gz	FASTQ	DNA	3	900	300	300.0	300	300.0	300.0	300.0	0	300	1	71.44	64.00	8.13	43.89	0
SRR5098717.1.fastq.gz	FASTQ	DNA	35086	10525800	300	300.0	300	300.0	300.0	300.0	0	300	1	61.53	55.75	6.50	42.16	8
SRR5098717.2.fastq.gz	FASTQ	DNA	35086	10525800	300	300.0	300	300.0	300.0	300.0	0	300	1	46.31	42.10	4.87	45.29	3775
SRR5098718.1.fastq.gz	FASTQ	DNA	39443	11832900	300	300.0	300	300.0	300.0	300.0	0	300	1	43.35	39.46	4.66	37.13	20
SRR5098718.2.fastq.gz	FASTQ	DNA	39443	11832900	300	300.0	300	300.0	300.0	300.0	0	300	1	32.93	30.54	3.82	42.62	7431
SRR5098719.1.fastq.gz	FASTQ	DNA	30611	9183300	300	300.0	300	300.0	300.0	300.0	0	300	1	87.45	80.29	12.70	43.41	265
SRR5098719.2.fastq.gz	FASTQ	DNA	30611	9183300	300	300.0	300	300.0	300.0	300.0	0	300	1	57.15	49.78	6.15	43.72	305
SRR5098720.1.fastq.gz	FASTQ	DNA	1	300	300	300.0	300	300.0	300.0	300.0	0	300	1	99.67	98.33	34.97	44.67	0
SRR5098720.2.fastq.gz	FASTQ	DNA	1	300	300	300.0	300	300.0	300.0	300.0	0	300	1	93.00	82.67	18.69	42.00	0
SRR5098721.1.fastq.gz	FASTQ	DNA	140389	42116700	300	300.0	300	300.0	300.0	300.0	0	300	1	90.51	83.76	14.28	43.03	1587
SRR5098721.2.fastq.gz	FASTQ	DNA	140389	42116700	300	300.0	300	300.0	300.0	300.0	0	300	1	66.79	58.24	7.46	43.33	2039
SRR5098722.1.fastq.gz	FASTQ	DNA	19193	5757900	300	300.0	300	300.0	300.0	300.0	0	300	1	80.81	73.20	10.11	47.03	2
SRR5098722.2.fastq.gz	FASTQ	DNA	19193	5757900	300	300.0	300	300.0	300.0	300.0	0	300	1	59.73	53.66	6.25	47.46	2120
SRR5098723.1.fastq.gz	FASTQ	DNA	15401	4620300	300	300.0	300	300.0	300.0	300.0	0	300	1	83.09	75.83	10.84	44.41	0
SRR5098723.2.fastq.gz	FASTQ	DNA	15401	4620300	300	300.0	300	300.0	300.0	300.0	0	300	1	58.79	52.17	6.17	43.59	1496
SRR5098724.1.fastq.gz	FASTQ	DNA	7176	2152800	300	300.0	300	300.0	300.0	300.0	0	300	1	87.71	80.71	12.65	43.96	173
SRR5098724.2.fastq.gz	FASTQ	DNA	7176	2152800	300	300.0	300	300.0	300.0	300.0	0	300	1	59.60	52.36	6.40	44.48	135
SRR5098726.1.fastq.gz	FASTQ	DNA	81661	24498300	300	300.0	300	300.0	300.0	300.0	0	300	1	82.09	74.86	10.58	43.65	13
SRR5098726.2.fastq.gz	FASTQ	DNA	81661	24498300	300	300.0	300	300.0	300.0	300.0	0	300	1	56.45	49.72	5.92	42.09	6087
SRR5098727.1.fastq.gz	FASTQ	DNA	35850	10755000	300	300.0	300	300.0	300.0	300.0	0	300	1	82.27	74.56	10.56	47.34	7
SRR5098727.2.fastq.gz	FASTQ	DNA	35850	10755000	300	300.0	300	300.0	300.0	300.0	0	300	1	61.64	55.44	6.48	47.69	3651
SRR5098728.1.fastq.gz	FASTQ	DNA	6385	1915500	300	300.0	300	300.0	300.0	300.0	0	300	1	81.29	73.35	10.26	45.94	1
SRR5098728.2.fastq.gz	FASTQ	DNA	6385	1915500	300	300.0	300	300.0	300.0	300.0	0	300	1	59.05	52.55	6.17	46.03	559
SRR5098729.1.fastq.gz	FASTQ	DNA	18926	5677800	300	300.0	300	300.0	300.0	300.0	0	300	1	87.16	79.61	12.43	50.97	198
SRR5098729.2.fastq.gz	FASTQ	DNA	18926	5677800	300	300.0	300	300.0	300.0	300.0	0	300	1	58.75	51.03	6.34	53.82	253
SRR5098730.1.fastq.gz	FASTQ	DNA	1763	528900	300	300.0	300	300.0	300.0	300.0	0	300	1	69.05	62.23	7.58	43.55	0
SRR5098730.2.fastq.gz	FASTQ	DNA	1763	528900	300	300.0	300	300.0	300.0	300.0	0	300	1	51.66	45.84	5.41	45.79	343
SRR5098731.1.fastq.gz	FASTQ	DNA	1836	550800	300	300.0	300	300.0	300.0	300.0	0	300	1	77.06	68.71	9.33	59.76	0
SRR5098731.2.fastq.gz	FASTQ	DNA	1836	550800	300	300.0	300	300.0	300.0	300.0	0	300	1	54.79	47.95	5.82	62.64	343
SRR5098732.1.fastq.gz	FASTQ	DNA	9820	2946000	300	300.0	300	300.0	300.0	300.0	0	300	1	87.81	80.33	12.81	49.44	66
SRR5098732.2.fastq.gz	FASTQ	DNA	9820	2946000	300	300.0	300	300.0	300.0	300.0	0	300	1	58.80	51.25	6.35	51.65	96
SRR5098733.1.fastq.gz	FASTQ	DNA	51831	15549300	300	300.0	300	300.0	300.0	300.0	0	300	1	82.75	75.47	10.77	43.66	1
SRR5098733.2.fastq.gz	FASTQ	DNA	51831	15549300	300	300.0	300	300.0	300.0	300.0	0	300	1	57.55	50.84	6.04	42.28	5160
SRR5098736.1.fastq.gz	FASTQ	DNA	102113	30633900	300	300.0	300	300.0	300.0	300.0	0	300	1	88.82	81.47	13.51	43.08	908
SRR5098736.2.fastq.gz	FASTQ	DNA	102113	30633900	300	300.0	300	300.0	300.0	300.0	0	300	1	64.19	56.12	7.05	44.07	1164
SRR5098737.1.fastq.gz	FASTQ	DNA	81930	24579000	300	300.0	300	300.0	300.0	300.0	0	300	1	84.53	76.19	11.33	44.84	14
SRR5098737.2.fastq.gz	FASTQ	DNA	81930	24579000	300	300.0	300	300.0	300.0	300.0	0	300	1	64.22	57.42	6.82	45.22	7286
SRR5098738.1.fastq.gz	FASTQ	DNA	44907	13472100	300	300.0	300	300.0	300.0	300.0	0	300	1	81.38	73.14	10.32	51.63	2
SRR5098738.2.fastq.gz	FASTQ	DNA	44907	13472100	300	300.0	300	300.0	300.0	300.0	0	300	1	59.01	52.45	6.20	52.46	3196
SRR5098739.1.fastq.gz	FASTQ	DNA	9292	2787600	300	300.0	300	300.0	300.0	300.0	0	300	1	71.45	64.52	7.98	43.04	0
SRR5098739.2.fastq.gz	FASTQ	DNA	9292	2787600	300	300.0	300	300.0	300.0	300.0	0	300	1	54.67	48.85	5.68	44.50	1252
SRR5098740.1.fastq.gz	FASTQ	DNA	12599	3779700	300	300.0	300	300.0	300.0	300.0	0	300	1	83.00	75.28	10.81	52.10	0
SRR5098740.2.fastq.gz	FASTQ	DNA	12599	3779700	300	300.0	300	300.0	300.0	300.0	0	300	1	59.48	53.13	6.22	52.52	1087
SRR5098742.1.fastq.gz	FASTQ	DNA	17888	5366400	300	300.0	300	300.0	300.0	300.0	0	300	1	88.32	80.84	13.08	48.47	281
SRR5098742.2.fastq.gz	FASTQ	DNA	17888	5366400	300	300.0	300	300.0	300.0	300.0	0	300	1	59.02	51.58	6.37	50.01	353
SRR5098743.1.fastq.gz	FASTQ	DNA	3651	1095300	300	300.0	300	300.0	300.0	300.0	0	300	1	86.65	79.21	12.18	49.23	53
SRR5098743.2.fastq.gz	FASTQ	DNA	3651	1095300	300	300.0	300	300.0	300.0	300.0	0	300	1	56.85	49.52	6.11	50.99	62
SRR5098746.1.fastq.gz	FASTQ	DNA	14411	4323300	300	300.0	300	300.0	300.0	300.0	0	300	1	87.20	79.66	12.47	50.11	235
SRR5098746.2.fastq.gz	FASTQ	DNA	14411	4323300	300	300.0	300	300.0	300.0	300.0	0	300	1	56.38	48.99	6.06	52.29	275
SRR5098747.1.fastq.gz	FASTQ	DNA	5133	1539900	300	300.0	300	300.0	300.0	300.0	0	300	1	70.93	65.13	7.91	38.61	3
SRR5098747.2.fastq.gz	FASTQ	DNA	5133	1539900	300	300.0	300	300.0	300.0	300.0	0	300	1	49.66	44.24	5.20	38.51	636
SRR5098749.1.fastq.gz	FASTQ	DNA	3606	1081800	300	300.0	300	300.0	300.0	300.0	0	300	1	87.76	80.08	12.86	50.30	93
SRR5098749.2.fastq.gz	FASTQ	DNA	3606	1081800	300	300.0	300	300.0	300.0	300.0	0	300	1	58.96	50.88	6.40	52.38	154
SRR5098750.1.fastq.gz	FASTQ	DNA	71884	21565200	300	300.0	300	300.0	300.0	300.0	0	300	1	86.23	78.49	11.81	43.50	14
SRR5098750.2.fastq.gz	FASTQ	DNA	71884	21565200	300	300.0	300	300.0	300.0	300.0	0	300	1	63.49	55.61	6.77	44.08	6099
SRR5098752.1.fastq.gz	FASTQ	DNA	29914	8974200	300	300.0	300	300.0	300.0	300.0	0	300	1	83.71	75.10	11.04	43.65	1
SRR5098752.2.fastq.gz	FASTQ	DNA	29914	8974200	300	300.0	300	300.0	300.0	300.0	0	300	1	61.17	54.34	6.46	43.84	2120
SRR5098753.1.fastq.gz	FASTQ	DNA	43024	12907200	300	300.0	300	300.0	300.0	300.0	0	300	1	83.12	75.81	10.89	42.77	8
SRR5098753.2.fastq.gz	FASTQ	DNA	43024	12907200	300	300.0	300	300.0	300.0	300.0	0	300	1	58.30	51.46	6.13	41.40	4091
SRR5098754.1.fastq.gz	FASTQ	DNA	12	3600	300	300.0	300	300.0	300.0	300.0	0	300	1	74.06	65.22	8.98	46.06	0
SRR5098754.2.fastq.gz	FASTQ	DNA	12	3600	300	300.0	300	300.0	300.0	300.0	0	300	1	38.83	33.22	4.62	46.64	0
SRR5098755.1.fastq.gz	FASTQ	DNA	35342	10602600	300	300.0	300	300.0	300.0	300.0	0	300	1	36.64	33.53	4.13	33.27	17
SRR5098755.2.fastq.gz	FASTQ	DNA	35342	10602600	300	300.0	300	300.0	300.0	300.0	0	300	1	28.68	27.06	3.53	39.26	5949
SRR5098756.1.fastq.gz	FASTQ	DNA	15256	4576800	300	300.0	300	300.0	300.0	300.0	0	300	1	86.13	77.72	12.12	54.55	88
SRR5098756.2.fastq.gz	FASTQ	DNA	15256	4576800	300	300.0	300	300.0	300.0	300.0	0	300	1	55.88	47.72	6.05	57.60	85
SRR5098757.1.fastq.gz	FASTQ	DNA	2453	735900	300	300.0	300	300.0	300.0	300.0	0	300	1	82.33	75.51	10.62	40.55	0
SRR5098757.2.fastq.gz	FASTQ	DNA	2453	735900	300	300.0	300	300.0	300.0	300.0	0	300	1	56.23	49.49	5.89	38.58	368
SRR5098758.1.fastq.gz	FASTQ	DNA	85880	25764000	300	300.0	300	300.0	300.0	300.0	0	300	1	83.87	76.41	11.13	43.71	24
SRR5098758.2.fastq.gz	FASTQ	DNA	85880	25764000	300	300.0	300	300.0	300.0	300.0	0	300	1	59.07	52.15	6.22	42.72	6680
SRR5098759.1.fastq.gz	FASTQ	DNA	22735	6820500	300	300.0	300	300.0	300.0	300.0	0	300	1	83.09	75.85	10.87	42.66	1
SRR5098759.2.fastq.gz	FASTQ	DNA	22735	6820500	300	300.0	300	300.0	300.0	300.0	0	300	1	57.44	50.59	6.03	41.31	1197
SRR5098761.1.fastq.gz	FASTQ	DNA	58101	17430300	300	300.0	300	300.0	300.0	300.0	0	300	1	82.17	74.74	10.58	45.59	9
SRR5098761.2.fastq.gz	FASTQ	DNA	58101	17430300	300	300.0	300	300.0	300.0	300.0	0	300	1	57.62	50.84	6.06	44.91	4935
SRR5098762.1.fastq.gz	FASTQ	DNA	4331	1299300	300	300.0	300	300.0	300.0	300.0	0	300	1	78.89	70.78	9.63	49.32	0
SRR5098762.2.fastq.gz	FASTQ	DNA	4331	1299300	300	300.0	300	300.0	300.0	300.0	0	300	1	54.57	48.46	5.73	49.75	239
SRR5098764.1.fastq.gz	FASTQ	DNA	22199	6659700	300	300.0	300	300.0	300.0	300.0	0	300	1	78.52	70.01	9.64	55.97	1
SRR5098764.2.fastq.gz	FASTQ	DNA	22199	6659700	300	300.0	300	300.0	300.0	300.0	0	300	1	56.18	50.03	5.89	56.84	1751
SRR5098765.1.fastq.gz	FASTQ	DNA	54630	16389000	300	300.0	300	300.0	300.0	300.0	0	300	1	87.71	80.26	12.80	46.59	783
SRR5098765.2.fastq.gz	FASTQ	DNA	54630	16389000	300	300.0	300	300.0	300.0	300.0	0	300	1	57.09	49.36	6.17	47.64	974
SRR5098767.1.fastq.gz	FASTQ	DNA	88456	26536800	300	300.0	300	300.0	300.0	300.0	0	300	1	82.80	75.17	10.70	46.23	19
SRR5098767.2.fastq.gz	FASTQ	DNA	88456	26536800	300	300.0	300	300.0	300.0	300.0	0	300	1	62.50	56.33	6.58	46.46	9398
SRR5098768.1.fastq.gz	FASTQ	DNA	15984	4795200	300	300.0	300	300.0	300.0	300.0	0	300	1	87.17	80.16	12.52	41.77	123
SRR5098768.2.fastq.gz	FASTQ	DNA	15984	4795200	300	300.0	300	300.0	300.0	300.0	0	300	1	58.87	51.54	6.33	41.64	138
SRR5098769.1.fastq.gz	FASTQ	DNA	24725	7417500	300	300.0	300	300.0	300.0	300.0	0	300	1	76.00	69.16	8.91	44.88	5
SRR5098769.2.fastq.gz	FASTQ	DNA	24725	7417500	300	300.0	300	300.0	300.0	300.0	0	300	1	54.47	48.56	5.68	45.28	1905
SRR5098770.1.fastq.gz	FASTQ	DNA	7476	2242800	300	300.0	300	300.0	300.0	300.0	0	300	1	86.36	78.38	12.18	50.96	57
SRR5098770.2.fastq.gz	FASTQ	DNA	7476	2242800	300	300.0	300	300.0	300.0	300.0	0	300	1	58.37	50.39	6.34	53.23	67
SRR5098771.1.fastq.gz	FASTQ	DNA	2619	785700	300	300.0	300	300.0	300.0	300.0	0	300	1	63.24	57.18	6.71	36.91	4
SRR5098771.2.fastq.gz	FASTQ	DNA	2619	785700	300	300.0	300	300.0	300.0	300.0	0	300	1	49.93	45.49	5.16	39.13	464
SRR5098772.1.fastq.gz	FASTQ	DNA	21429	6428700	300	300.0	300	300.0	300.0	300.0	0	300	1	73.86	66.73	8.49	50.36	5
SRR5098772.2.fastq.gz	FASTQ	DNA	21429	6428700	300	300.0	300	300.0	300.0	300.0	0	300	1	53.10	47.56	5.53	51.77	2326
SRR5098773.1.fastq.gz	FASTQ	DNA	6428	1928400	300	300.0	300	300.0	300.0	300.0	0	300	1	88.46	81.10	13.23	45.65	3
SRR5098773.2.fastq.gz	FASTQ	DNA	6428	1928400	300	300.0	300	300.0	300.0	300.0	0	300	1	56.87	48.92	6.16	47.09	0
SRR5098775.1.fastq.gz	FASTQ	DNA	2025	607500	300	300.0	300	300.0	300.0	300.0	0	300	1	57.85	51.50	6.12	45.60	3
SRR5098775.2.fastq.gz	FASTQ	DNA	2025	607500	300	300.0	300	300.0	300.0	300.0	0	300	1	46.42	42.27	4.88	48.56	1064
SRR5098776.1.fastq.gz	FASTQ	DNA	51469	15440700	300	300.0	300	300.0	300.0	300.0	0	300	1	87.46	78.98	12.71	57.62	339
SRR5098776.2.fastq.gz	FASTQ	DNA	51469	15440700	300	300.0	300	300.0	300.0	300.0	0	300	1	55.32	46.82	6.00	61.54	401
SRR5098777.1.fastq.gz	FASTQ	DNA	7328	2198400	300	300.0	300	300.0	300.0	300.0	0	300	1	73.40	66.40	8.44	46.91	0
SRR5098777.2.fastq.gz	FASTQ	DNA	7328	2198400	300	300.0	300	300.0	300.0	300.0	0	300	1	52.55	46.61	5.51	48.41	504
SRR5098778.1.fastq.gz	FASTQ	DNA	2071	621300	300	300.0	300	300.0	300.0	300.0	0	300	1	89.57	82.25	13.70	44.25	127
SRR5098778.2.fastq.gz	FASTQ	DNA	2071	621300	300	300.0	300	300.0	300.0	300.0	0	300	1	65.14	57.31	7.18	45.18	150
SRR5098779.1.fastq.gz	FASTQ	DNA	35449	10634700	300	300.0	300	300.0	300.0	300.0	0	300	1	82.55	74.65	10.66	46.18	11
SRR5098779.2.fastq.gz	FASTQ	DNA	35449	10634700	300	300.0	300	300.0	300.0	300.0	0	300	1	60.64	53.96	6.40	46.35	3714
SRR5098780.1.fastq.gz	FASTQ	DNA	15582	4674600	300	300.0	300	300.0	300.0	300.0	0	300	1	81.34	72.80	10.33	52.71	0
SRR5098780.2.fastq.gz	FASTQ	DNA	15582	4674600	300	300.0	300	300.0	300.0	300.0	0	300	1	54.87	48.24	5.78	53.16	1173
SRR5098781.1.fastq.gz	FASTQ	DNA	4541	1362300	300	300.0	300	300.0	300.0	300.0	0	300	1	86.70	79.82	12.10	47.77	17
SRR5098781.2.fastq.gz	FASTQ	DNA	4541	1362300	300	300.0	300	300.0	300.0	300.0	0	300	1	60.50	53.02	6.54	50.06	40
SRR5098782.1.fastq.gz	FASTQ	DNA	7798	2339400	300	300.0	300	300.0	300.0	300.0	0	300	1	88.31	80.96	13.10	45.28	9
SRR5098782.2.fastq.gz	FASTQ	DNA	7798	2339400	300	300.0	300	300.0	300.0	300.0	0	300	1	61.34	53.57	6.65	46.25	14
