ERR3855113	5.8S_Fungi_1_rev	100.000	23	0	0	100	31	53	23	1	23	8.83e-09	42.8
ERR3855113	ITS2_1_rev	100.000	20	0	0	100	5	24	20	1	20	3.76e-07	37.4
ERR3855113	58A2R_1_rev	100.000	17	0	0	100	6	22	17	1	17	1.60e-05	31.9
ERR3855113	B58S3_1_rev	85.000	20	3	0	100	34	53	20	1	20	1.95e-04	29.2
ERR3855114	5.8S_Fungi_1_rev	100.000	23	0	0	64	32	54	23	1	23	5.30e-09	42.8
ERR3855114	ITS2_1_rev	100.000	20	0	0	64	6	25	20	1	20	2.25e-07	37.4
ERR3855114	58A2R_1_rev	100.000	17	0	0	64	7	23	17	1	17	9.58e-06	31.9
ERR3855114	B58S3_1_rev	85.000	20	3	0	64	35	54	20	1	20	1.17e-04	29.2
ERR3855115	5.8S_Fungi_1_rev	100.000	23	0	0	100	32	54	23	1	23	8.83e-09	42.8
ERR3855115	ITS2_1_rev	100.000	20	0	0	100	6	25	20	1	20	3.76e-07	37.4
ERR3855115	58A2R_1_rev	100.000	17	0	0	100	7	23	17	1	17	1.60e-05	31.9
ERR3855115	B58S3_1_rev	85.000	20	3	0	100	35	54	20	1	20	1.95e-04	29.2
ERR3855116	5.8S_Fungi_1_rev	100.000	23	0	0	100	34	56	23	1	23	8.83e-09	42.8
ERR3855116	ITS2_1_rev	100.000	20	0	0	100	8	27	20	1	20	3.76e-07	37.4
ERR3855116	58A2R_1_rev	100.000	17	0	0	100	9	25	17	1	17	1.60e-05	31.9
ERR3855116	B58S3_1_rev	85.000	20	3	0	100	37	56	20	1	20	1.95e-04	29.2
ERR3855117	5.8S_Fungi_1_rev	100.000	23	0	0	65	33	55	23	1	23	5.40e-09	42.8
ERR3855117	ITS2_1_rev	100.000	20	0	0	65	7	26	20	1	20	2.30e-07	37.4
ERR3855117	58A2R_1_rev	100.000	17	0	0	65	8	24	17	1	17	9.76e-06	31.9
ERR3855117	B58S3_1_rev	85.000	20	3	0	65	36	55	20	1	20	1.19e-04	29.2
ERR3855118	5.8S_Fungi_1_rev	100.000	23	0	0	65	33	55	23	1	23	5.40e-09	42.8
ERR3855118	ITS2_1_rev	100.000	20	0	0	65	7	26	20	1	20	2.30e-07	37.4
ERR3855118	58A2R_1_rev	100.000	17	0	0	65	8	24	17	1	17	9.76e-06	31.9
ERR3855118	B58S3_1_rev	85.000	20	3	0	65	36	55	20	1	20	1.19e-04	29.2
ERR3855119	5.8S_Fungi_1_rev	100.000	23	0	0	100	34	56	23	1	23	8.83e-09	42.8
ERR3855119	ITS2_1_rev	100.000	20	0	0	100	8	27	20	1	20	3.76e-07	37.4
ERR3855119	58A2R_1_rev	100.000	17	0	0	100	9	25	17	1	17	1.60e-05	31.9
ERR3855119	B58S3_1_rev	85.000	20	3	0	100	37	56	20	1	20	1.95e-04	29.2
ERR3855120	5.8S_Fungi_1_rev	100.000	23	0	0	100	34	56	23	1	23	8.83e-09	42.8
ERR3855120	ITS2_1_rev	100.000	20	0	0	100	8	27	20	1	20	3.76e-07	37.4
ERR3855120	58A2R_1_rev	100.000	17	0	0	100	9	25	17	1	17	1.60e-05	31.9
ERR3855120	B58S3_1_rev	85.000	20	3	0	100	37	56	20	1	20	1.95e-04	29.2
ERR3855121	5.8S_Fungi_1_rev	100.000	23	0	0	66	34	56	23	1	23	5.50e-09	42.8
ERR3855121	ITS2_1_rev	100.000	20	0	0	66	8	27	20	1	20	2.34e-07	37.4
ERR3855121	58A2R_1_rev	100.000	17	0	0	66	9	25	17	1	17	9.94e-06	31.9
ERR3855121	B58S3_1_rev	85.000	20	3	0	66	37	56	20	1	20	1.21e-04	29.2
ERR3855122	5.8S_Fungi_1_rev	100.000	23	0	0	100	35	57	23	1	23	8.83e-09	42.8
ERR3855122	ITS2_1_rev	100.000	20	0	0	100	9	28	20	1	20	3.76e-07	37.4
ERR3855122	58A2R_1_rev	100.000	17	0	0	100	10	26	17	1	17	1.60e-05	31.9
ERR3855122	B58S3_1_rev	85.000	20	3	0	100	38	57	20	1	20	1.95e-04	29.2
ERR3855123	5.8S_Fungi_1_rev	100.000	23	0	0	68	36	58	23	1	23	5.69e-09	42.8
ERR3855123	ITS2_1_rev	100.000	20	0	0	68	10	29	20	1	20	2.42e-07	37.4
ERR3855123	58A2R_1_rev	100.000	17	0	0	68	11	27	17	1	17	1.03e-05	31.9
ERR3855123	B58S3_1_rev	85.000	20	3	0	68	39	58	20	1	20	1.25e-04	29.2
ERR3855124	5.8S_Fungi_1_rev	100.000	23	0	0	100	35	57	23	1	23	8.83e-09	42.8
ERR3855124	ITS2_1_rev	100.000	20	0	0	100	9	28	20	1	20	3.76e-07	37.4
ERR3855124	58A2R_1_rev	100.000	17	0	0	100	10	26	17	1	17	1.60e-05	31.9
ERR3855124	B58S3_1_rev	85.000	20	3	0	100	38	57	20	1	20	1.95e-04	29.2
ERR3855125	5.8S_Fungi_1_rev	100.000	23	0	0	100	37	59	23	1	23	8.83e-09	42.8
ERR3855125	ITS2_1_rev	100.000	20	0	0	100	11	30	20	1	20	3.76e-07	37.4
ERR3855125	58A2R_1_rev	100.000	17	0	0	100	12	28	17	1	17	1.60e-05	31.9
ERR3855125	B58S3_1_rev	85.000	20	3	0	100	40	59	20	1	20	1.95e-04	29.2
ERR3855126	5.8S_Fungi_1_rev	100.000	23	0	0	100	38	60	23	1	23	8.83e-09	42.8
ERR3855126	ITS2_1_rev	100.000	20	0	0	100	12	31	20	1	20	3.76e-07	37.4
ERR3855126	58A2R_1_rev	100.000	17	0	0	100	13	29	17	1	17	1.60e-05	31.9
ERR3855126	B58S3_1_rev	85.000	20	3	0	100	41	60	20	1	20	1.95e-04	29.2
ERR3855127	5.8S_Fungi_1_rev	100.000	23	0	0	62	31	53	23	1	23	5.10e-09	42.8
ERR3855127	ITS2_1_rev	100.000	20	0	0	62	5	24	20	1	20	2.17e-07	37.4
ERR3855127	58A2R_1_rev	100.000	17	0	0	62	6	22	17	1	17	9.23e-06	31.9
ERR3855127	B58S3_1_rev	85.000	20	3	0	62	34	53	20	1	20	1.12e-04	29.2
ERR3855128	5.8S_Fungi_1_rev	100.000	23	0	0	62	31	53	23	1	23	5.10e-09	42.8
ERR3855128	ITS2_1_rev	100.000	20	0	0	62	5	24	20	1	20	2.17e-07	37.4
ERR3855128	58A2R_1_rev	100.000	17	0	0	62	6	22	17	1	17	9.23e-06	31.9
ERR3855128	B58S3_1_rev	85.000	20	3	0	62	34	53	20	1	20	1.12e-04	29.2
ERR3855129	5.8S_Fungi_1_rev	100.000	23	0	0	63	32	54	23	1	23	5.20e-09	42.8
ERR3855129	ITS2_1_rev	100.000	20	0	0	63	6	25	20	1	20	2.21e-07	37.4
ERR3855129	58A2R_1_rev	100.000	17	0	0	63	7	23	17	1	17	9.41e-06	31.9
ERR3855129	B58S3_1_rev	85.000	20	3	0	63	35	54	20	1	20	1.15e-04	29.2
ERR3855130	5.8S_Fungi_1_rev	100.000	23	0	0	63	32	54	23	1	23	5.20e-09	42.8
ERR3855130	ITS2_1_rev	100.000	20	0	0	63	6	25	20	1	20	2.21e-07	37.4
ERR3855130	58A2R_1_rev	100.000	17	0	0	63	7	23	17	1	17	9.41e-06	31.9
ERR3855130	B58S3_1_rev	85.000	20	3	0	63	35	54	20	1	20	1.15e-04	29.2
ERR3855131	5.8S_Fungi_1_rev	100.000	23	0	0	64	33	55	23	1	23	5.30e-09	42.8
ERR3855131	ITS2_1_rev	100.000	20	0	0	64	7	26	20	1	20	2.25e-07	37.4
ERR3855131	58A2R_1_rev	100.000	17	0	0	64	8	24	17	1	17	9.58e-06	31.9
ERR3855131	B58S3_1_rev	85.000	20	3	0	64	36	55	20	1	20	1.17e-04	29.2
ERR3855132	ITS2_1_rev	100.000	17	0	0	23	7	23	20	1	17	3.23e-06	31.9
ERR3855132	58A2R_1_rev	100.000	16	0	0	23	8	23	17	1	16	1.13e-05	30.1
ERR3855133	5.8S_Fungi_1_rev	100.000	23	0	0	70	36	58	23	1	23	5.89e-09	42.8
ERR3855133	ITS2_1_rev	100.000	20	0	0	70	10	29	20	1	20	2.50e-07	37.4
ERR3855133	58A2R_1_rev	100.000	17	0	0	70	11	27	17	1	17	1.06e-05	31.9
ERR3855133	B58S3_1_rev	85.000	20	3	0	70	39	58	20	1	20	1.30e-04	29.2
ERR3855134	ITS2_1_rev	100.000	17	0	0	27	11	27	20	1	17	3.53e-06	31.9
ERR3855134	58A2R_1_rev	100.000	16	0	0	27	12	27	17	1	16	1.23e-05	30.1
ERR3855135	ITS2_1_rev	100.000	17	0	0	28	12	28	20	1	17	3.73e-06	31.9
ERR3855135	58A2R_1_rev	100.000	16	0	0	28	13	28	17	1	16	1.30e-05	30.1
ERR3855136	5.8S_Fungi_1_rev	100.000	23	0	0	63	31	53	23	1	23	5.20e-09	42.8
ERR3855136	ITS2_1_rev	100.000	20	0	0	63	5	24	20	1	20	2.21e-07	37.4
ERR3855136	58A2R_1_rev	100.000	17	0	0	63	6	22	17	1	17	9.41e-06	31.9
ERR3855136	B58S3_1_rev	85.000	20	3	0	63	34	53	20	1	20	1.15e-04	29.2
ERR3855137	5.8S_Fungi_1_rev	100.000	23	0	0	100	31	53	23	1	23	8.83e-09	42.8
ERR3855137	ITS2_1_rev	100.000	20	0	0	100	5	24	20	1	20	3.76e-07	37.4
ERR3855137	58A2R_1_rev	100.000	17	0	0	100	6	22	17	1	17	1.60e-05	31.9
ERR3855137	B58S3_1_rev	85.000	20	3	0	100	34	53	20	1	20	1.95e-04	29.2
ERR3855138	5.8S_Fungi_1_rev	100.000	23	0	0	59	32	54	23	1	23	4.81e-09	42.8
ERR3855138	ITS2_1_rev	100.000	20	0	0	59	6	25	20	1	20	2.05e-07	37.4
ERR3855138	58A2R_1_rev	100.000	17	0	0	59	7	23	17	1	17	8.70e-06	31.9
ERR3855138	B58S3_1_rev	85.000	20	3	0	59	35	54	20	1	20	1.06e-04	29.2
ERR3855139	5.8S_Fungi_1_rev	100.000	23	0	0	70	33	55	23	1	23	5.89e-09	42.8
ERR3855139	ITS2_1_rev	100.000	20	0	0	70	7	26	20	1	20	2.50e-07	37.4
ERR3855139	58A2R_1_rev	100.000	17	0	0	70	8	24	17	1	17	1.06e-05	31.9
ERR3855139	B58S3_1_rev	85.000	20	3	0	70	36	55	20	1	20	1.30e-04	29.2
ERR3855140	5.8S_Fungi_1_rev	100.000	23	0	0	100	32	54	23	1	23	8.83e-09	42.8
ERR3855140	ITS2_1_rev	100.000	20	0	0	100	6	25	20	1	20	3.76e-07	37.4
ERR3855140	58A2R_1_rev	100.000	17	0	0	100	7	23	17	1	17	1.60e-05	31.9
ERR3855140	B58S3_1_rev	85.000	20	3	0	100	35	54	20	1	20	1.95e-04	29.2
ERR3855141	5.8S_Fungi_1_rev	100.000	23	0	0	100	33	55	23	1	23	8.83e-09	42.8
ERR3855141	ITS2_1_rev	100.000	20	0	0	100	7	26	20	1	20	3.76e-07	37.4
ERR3855141	58A2R_1_rev	100.000	17	0	0	100	8	24	17	1	17	1.60e-05	31.9
ERR3855141	B58S3_1_rev	85.000	20	3	0	100	36	55	20	1	20	1.95e-04	29.2
ERR3855142	5.8S_Fungi_1_rev	100.000	23	0	0	100	33	55	23	1	23	8.83e-09	42.8
ERR3855142	ITS2_1_rev	100.000	20	0	0	100	7	26	20	1	20	3.76e-07	37.4
ERR3855142	58A2R_1_rev	100.000	17	0	0	100	8	24	17	1	17	1.60e-05	31.9
ERR3855142	B58S3_1_rev	85.000	20	3	0	100	36	55	20	1	20	1.95e-04	29.2
ERR3855143	5.8S_Fungi_1_rev	100.000	23	0	0	100	34	56	23	1	23	8.83e-09	42.8
ERR3855143	ITS2_1_rev	100.000	20	0	0	100	8	27	20	1	20	3.76e-07	37.4
ERR3855143	58A2R_1_rev	100.000	17	0	0	100	9	25	17	1	17	1.60e-05	31.9
ERR3855143	B58S3_1_rev	85.000	20	3	0	100	37	56	20	1	20	1.95e-04	29.2
ERR3855144	5.8S_Fungi_1_rev	100.000	23	0	0	100	34	56	23	1	23	8.83e-09	42.8
ERR3855144	ITS2_1_rev	100.000	20	0	0	100	8	27	20	1	20	3.76e-07	37.4
ERR3855144	58A2R_1_rev	100.000	17	0	0	100	9	25	17	1	17	1.60e-05	31.9
ERR3855144	B58S3_1_rev	85.000	20	3	0	100	37	56	20	1	20	1.95e-04	29.2
ERR3855145	5.8S_Fungi_1_rev	100.000	23	0	0	100	33	55	23	1	23	8.83e-09	42.8
ERR3855145	ITS2_1_rev	100.000	20	0	0	100	7	26	20	1	20	3.76e-07	37.4
ERR3855145	58A2R_1_rev	100.000	17	0	0	100	8	24	17	1	17	1.60e-05	31.9
ERR3855145	B58S3_1_rev	85.000	20	3	0	100	36	55	20	1	20	1.95e-04	29.2
ERR3855146	5.8S_Fungi_1_rev	100.000	23	0	0	100	35	57	23	1	23	8.83e-09	42.8
ERR3855146	ITS2_1_rev	100.000	20	0	0	100	9	28	20	1	20	3.76e-07	37.4
ERR3855146	58A2R_1_rev	100.000	17	0	0	100	10	26	17	1	17	1.60e-05	31.9
ERR3855146	B58S3_1_rev	85.000	20	3	0	100	38	57	20	1	20	1.95e-04	29.2
ERR3855147	5.8S_Fungi_1_rev	100.000	23	0	0	100	36	58	23	1	23	8.83e-09	42.8
ERR3855147	ITS2_1_rev	100.000	20	0	0	100	10	29	20	1	20	3.76e-07	37.4
ERR3855147	58A2R_1_rev	100.000	17	0	0	100	11	27	17	1	17	1.60e-05	31.9
ERR3855147	B58S3_1_rev	85.000	20	3	0	100	39	58	20	1	20	1.95e-04	29.2
ERR3855148	5.8S_Fungi_1_rev	100.000	23	0	0	100	37	59	23	1	23	8.83e-09	42.8
ERR3855148	ITS2_1_rev	100.000	20	0	0	100	11	30	20	1	20	3.76e-07	37.4
ERR3855148	58A2R_1_rev	100.000	17	0	0	100	12	28	17	1	17	1.60e-05	31.9
ERR3855148	B58S3_1_rev	85.000	20	3	0	100	40	59	20	1	20	1.95e-04	29.2
ERR3855149	5.8S_Fungi_1_rev	100.000	23	0	0	100	38	60	23	1	23	8.83e-09	42.8
ERR3855149	ITS2_1_rev	100.000	20	0	0	100	12	31	20	1	20	3.76e-07	37.4
ERR3855149	58A2R_1_rev	100.000	17	0	0	100	13	29	17	1	17	1.60e-05	31.9
ERR3855149	B58S3_1_rev	85.000	20	3	0	100	41	60	20	1	20	1.95e-04	29.2
ERR3855150	5.8S_Fungi_1_rev	100.000	23	0	0	100	31	53	23	1	23	8.83e-09	42.8
ERR3855150	ITS2_1_rev	100.000	20	0	0	100	5	24	20	1	20	3.76e-07	37.4
ERR3855150	58A2R_1_rev	100.000	17	0	0	100	6	22	17	1	17	1.60e-05	31.9
ERR3855150	B58S3_1_rev	85.000	20	3	0	100	34	53	20	1	20	1.95e-04	29.2
ERR3855151	5.8S_Fungi_1_rev	100.000	23	0	0	100	31	53	23	1	23	8.83e-09	42.8
ERR3855151	ITS2_1_rev	100.000	20	0	0	100	5	24	20	1	20	3.76e-07	37.4
ERR3855151	58A2R_1_rev	100.000	17	0	0	100	6	22	17	1	17	1.60e-05	31.9
ERR3855151	B58S3_1_rev	85.000	20	3	0	100	34	53	20	1	20	1.95e-04	29.2
ERR3855152	5.8S_Fungi_1_rev	100.000	23	0	0	100	32	54	23	1	23	8.83e-09	42.8
ERR3855152	ITS2_1_rev	100.000	20	0	0	100	6	25	20	1	20	3.76e-07	37.4
ERR3855152	58A2R_1_rev	100.000	17	0	0	100	7	23	17	1	17	1.60e-05	31.9
ERR3855152	B58S3_1_rev	85.000	20	3	0	100	35	54	20	1	20	1.95e-04	29.2
ERR3855153	5.8S_Fungi_1_rev	100.000	23	0	0	100	32	54	23	1	23	8.83e-09	42.8
ERR3855153	ITS2_1_rev	100.000	20	0	0	100	6	25	20	1	20	3.76e-07	37.4
ERR3855153	58A2R_1_rev	100.000	17	0	0	100	7	23	17	1	17	1.60e-05	31.9
ERR3855153	B58S3_1_rev	85.000	20	3	0	100	35	54	20	1	20	1.95e-04	29.2
ERR3855154	5.8S_Fungi_1_rev	100.000	23	0	0	100	34	56	23	1	23	8.83e-09	42.8
ERR3855154	ITS2_1_rev	100.000	20	0	0	100	8	27	20	1	20	3.76e-07	37.4
ERR3855154	58A2R_1_rev	100.000	17	0	0	100	9	25	17	1	17	1.60e-05	31.9
ERR3855154	B58S3_1_rev	85.000	20	3	0	100	37	56	20	1	20	1.95e-04	29.2
ERR3855155	5.8S_Fungi_1_rev	100.000	23	0	0	100	32	54	23	1	23	8.83e-09	42.8
ERR3855155	ITS2_1_rev	100.000	20	0	0	100	6	25	20	1	20	3.76e-07	37.4
ERR3855155	58A2R_1_rev	100.000	17	0	0	100	7	23	17	1	17	1.60e-05	31.9
ERR3855155	B58S3_1_rev	85.000	20	3	0	100	35	54	20	1	20	1.95e-04	29.2
ERR3855156	5.8S_Fungi_1_rev	100.000	23	0	0	100	34	56	23	1	23	8.83e-09	42.8
ERR3855156	ITS2_1_rev	100.000	20	0	0	100	8	27	20	1	20	3.76e-07	37.4
ERR3855156	58A2R_1_rev	100.000	17	0	0	100	9	25	17	1	17	1.60e-05	31.9
ERR3855156	B58S3_1_rev	85.000	20	3	0	100	37	56	20	1	20	1.95e-04	29.2
ERR3855157	5.8S_Fungi_1_rev	100.000	23	0	0	100	35	57	23	1	23	8.83e-09	42.8
ERR3855157	ITS2_1_rev	100.000	20	0	0	100	9	28	20	1	20	3.76e-07	37.4
ERR3855157	58A2R_1_rev	100.000	17	0	0	100	10	26	17	1	17	1.60e-05	31.9
ERR3855157	B58S3_1_rev	85.000	20	3	0	100	38	57	20	1	20	1.95e-04	29.2
ERR3855158	5.8S_Fungi_1_rev	100.000	23	0	0	63	32	54	23	1	23	5.20e-09	42.8
ERR3855158	ITS2_1_rev	100.000	20	0	0	63	6	25	20	1	20	2.21e-07	37.4
ERR3855158	58A2R_1_rev	100.000	17	0	0	63	7	23	17	1	17	9.41e-06	31.9
ERR3855158	B58S3_1_rev	85.000	20	3	0	63	35	54	20	1	20	1.15e-04	29.2
ERR3855159	5.8S_Fungi_1_rev	100.000	23	0	0	68	36	58	23	1	23	5.69e-09	42.8
ERR3855159	ITS2_1_rev	100.000	20	0	0	68	10	29	20	1	20	2.42e-07	37.4
ERR3855159	58A2R_1_rev	100.000	17	0	0	68	11	27	17	1	17	1.03e-05	31.9
ERR3855159	B58S3_1_rev	85.000	20	3	0	68	39	58	20	1	20	1.25e-04	29.2
ERR3855160	5.8S_Fungi_1_rev	100.000	23	0	0	68	37	59	23	1	23	5.69e-09	42.8
ERR3855160	ITS2_1_rev	100.000	20	0	0	68	11	30	20	1	20	2.42e-07	37.4
ERR3855160	58A2R_1_rev	100.000	17	0	0	68	12	28	17	1	17	1.03e-05	31.9
ERR3855160	B58S3_1_rev	85.000	20	3	0	68	40	59	20	1	20	1.25e-04	29.2
ERR3855161	5.8S_Fungi_1_rev	100.000	23	0	0	75	38	60	23	1	23	6.38e-09	42.8
ERR3855161	ITS2_1_rev	100.000	20	0	0	75	12	31	20	1	20	2.71e-07	37.4
ERR3855161	58A2R_1_rev	100.000	17	0	0	75	13	29	17	1	17	1.15e-05	31.9
ERR3855161	B58S3_1_rev	85.000	20	3	0	75	41	60	20	1	20	1.41e-04	29.2
ERR3855162	5.8S_Fungi_1_rev	100.000	23	0	0	66	31	53	23	1	23	5.50e-09	42.8
ERR3855162	ITS2_1_rev	100.000	20	0	0	66	5	24	20	1	20	2.34e-07	37.4
ERR3855162	58A2R_1_rev	100.000	17	0	0	66	6	22	17	1	17	9.94e-06	31.9
ERR3855162	B58S3_1_rev	85.000	20	3	0	66	34	53	20	1	20	1.21e-04	29.2
ERR3855163	5.8S_Fungi_1_rev	100.000	23	0	0	58	31	53	23	1	23	4.71e-09	42.8
ERR3855163	ITS2_1_rev	100.000	20	0	0	58	5	24	20	1	20	2.00e-07	37.4
ERR3855163	58A2R_1_rev	100.000	17	0	0	58	6	22	17	1	17	8.52e-06	31.9
ERR3855163	B58S3_1_rev	85.000	20	3	0	58	34	53	20	1	20	1.04e-04	29.2
ERR3855164	5.8S_Fungi_1_rev	100.000	23	0	0	67	33	55	23	1	23	5.59e-09	42.8
ERR3855164	ITS2_1_rev	100.000	20	0	0	67	7	26	20	1	20	2.38e-07	37.4
ERR3855164	58A2R_1_rev	100.000	17	0	0	67	8	24	17	1	17	1.01e-05	31.9
ERR3855164	B58S3_1_rev	85.000	20	3	0	67	36	55	20	1	20	1.23e-04	29.2
ERR3855165	5.8S_Fungi_1_rev	100.000	23	0	0	60	32	54	23	1	23	4.91e-09	42.8
ERR3855165	ITS2_1_rev	100.000	20	0	0	60	6	25	20	1	20	2.09e-07	37.4
ERR3855165	58A2R_1_rev	100.000	17	0	0	60	7	23	17	1	17	8.87e-06	31.9
ERR3855165	B58S3_1_rev	85.000	20	3	0	60	35	54	20	1	20	1.08e-04	29.2
ERR3855166	5.8S_Fungi_1_rev	100.000	23	0	0	65	32	54	23	1	23	5.40e-09	42.8
ERR3855166	ITS2_1_rev	100.000	20	0	0	65	6	25	20	1	20	2.30e-07	37.4
ERR3855166	58A2R_1_rev	100.000	17	0	0	65	7	23	17	1	17	9.76e-06	31.9
ERR3855166	B58S3_1_rev	85.000	20	3	0	65	35	54	20	1	20	1.19e-04	29.2
ERR3855167	ITS2_1_rev	100.000	17	0	0	23	7	23	20	1	17	3.23e-06	31.9
ERR3855167	58A2R_1_rev	100.000	16	0	0	23	8	23	17	1	16	1.13e-05	30.1
ERR3855167	ITS2_KYO2_1_rev	83.333	18	3	0	23	4	21	18	1	18	4.79e-04	25.6
ERR3855168	5.8S_Fungi_1_rev	100.000	23	0	0	68	33	55	23	1	23	5.69e-09	42.8
ERR3855168	ITS2_1_rev	100.000	20	0	0	68	7	26	20	1	20	2.42e-07	37.4
ERR3855168	58A2R_1_rev	100.000	17	0	0	68	8	24	17	1	17	1.03e-05	31.9
ERR3855168	B58S3_1_rev	85.000	20	3	0	68	36	55	20	1	20	1.25e-04	29.2
ERR3855169	5.8S_Fungi_1_rev	100.000	23	0	0	66	34	56	23	1	23	5.50e-09	42.8
ERR3855169	ITS2_1_rev	100.000	20	0	0	66	8	27	20	1	20	2.34e-07	37.4
ERR3855169	58A2R_1_rev	100.000	17	0	0	66	9	25	17	1	17	9.94e-06	31.9
ERR3855169	B58S3_1_rev	85.000	20	3	0	66	37	56	20	1	20	1.21e-04	29.2
ERR3855170	5.8S_Fungi_1_rev	100.000	23	0	0	71	34	56	23	1	23	5.99e-09	42.8
ERR3855170	ITS2_1_rev	100.000	20	0	0	71	8	27	20	1	20	2.55e-07	37.4
ERR3855170	58A2R_1_rev	100.000	17	0	0	71	9	25	17	1	17	1.08e-05	31.9
ERR3855170	B58S3_1_rev	85.000	20	3	0	71	37	56	20	1	20	1.32e-04	29.2
ERR3855171	ITS2_1_rev	100.000	17	0	0	25	9	25	20	1	17	3.66e-06	31.9
ERR3855171	58A2R_1_rev	100.000	16	0	0	25	10	25	17	1	16	1.28e-05	30.1
ERR3855172	5.8S_Fungi_1_rev	100.000	23	0	0	71	36	58	23	1	23	5.99e-09	42.8
ERR3855172	ITS2_1_rev	100.000	20	0	0	71	10	29	20	1	20	2.55e-07	37.4
ERR3855172	58A2R_1_rev	100.000	17	0	0	71	11	27	17	1	17	1.08e-05	31.9
ERR3855172	B58S3_1_rev	85.000	20	3	0	71	39	58	20	1	20	1.32e-04	29.2
ERR3855173	ITS2_1_rev	100.000	17	0	0	27	11	27	20	1	17	3.53e-06	31.9
ERR3855173	58A2R_1_rev	100.000	16	0	0	27	12	27	17	1	16	1.23e-05	30.1
ERR3855175	5.8S_Fungi_1_rev	100.000	23	0	0	100	31	53	23	1	23	8.83e-09	42.8
ERR3855175	ITS2_1_rev	100.000	20	0	0	100	5	24	20	1	20	3.76e-07	37.4
ERR3855175	58A2R_1_rev	100.000	17	0	0	100	6	22	17	1	17	1.60e-05	31.9
ERR3855175	B58S3_1_rev	85.000	20	3	0	100	34	53	20	1	20	1.95e-04	29.2
ERR3855176	5.8S_Fungi_1_rev	100.000	23	0	0	65	31	53	23	1	23	5.40e-09	42.8
ERR3855176	ITS2_1_rev	100.000	20	0	0	65	5	24	20	1	20	2.30e-07	37.4
ERR3855176	58A2R_1_rev	100.000	17	0	0	65	6	22	17	1	17	9.76e-06	31.9
ERR3855176	B58S3_1_rev	85.000	20	3	0	65	34	53	20	1	20	1.19e-04	29.2
ERR3855177	ITS2_1_rev	100.000	17	0	0	23	7	23	20	1	17	3.23e-06	31.9
ERR3855177	58A2R_1_rev	100.000	16	0	0	23	8	23	17	1	16	1.13e-05	30.1
ERR3855178	ITS2_1_rev	100.000	17	0	0	26	10	26	20	1	17	3.34e-06	31.9
ERR3855178	58A2R_1_rev	100.000	16	0	0	26	11	26	17	1	16	1.17e-05	30.1
ERR3855179	ITS2_1_rev	100.000	17	0	0	21	5	21	20	1	17	2.80e-06	31.9
ERR3855179	58A2R_1_rev	100.000	16	0	0	21	6	21	17	1	16	9.77e-06	30.1
ERR3855180	ITS2_1_rev	100.000	17	0	0	22	6	22	20	1	17	3.01e-06	31.9
ERR3855180	58A2R_1_rev	100.000	16	0	0	22	7	22	17	1	16	1.05e-05	30.1
ERR3855182	ITS2_1_rev	100.000	17	0	0	22	6	22	20	1	17	3.01e-06	31.9
ERR3855182	58A2R_1_rev	100.000	16	0	0	22	7	22	17	1	16	1.05e-05	30.1
ERR3855183	ITS2_1_rev	100.000	15	0	0	23	7	21	20	1	15	3.93e-05	28.3
ERR3855183	58A2R_1_rev	100.000	14	0	0	23	8	21	17	1	14	1.37e-04	26.5
ERR3855183	ITS2_KYO2_1_rev	83.333	18	3	0	23	4	21	18	1	18	4.79e-04	25.6
ERR3855184	ITS2_1_rev	100.000	17	0	0	23	7	23	20	1	17	3.23e-06	31.9
ERR3855184	58A2R_1_rev	100.000	16	0	0	23	8	23	17	1	16	1.13e-05	30.1
ERR3855185	ITS2_1_rev	100.000	18	0	0	25	8	25	20	1	18	1.05e-06	33.7
ERR3855185	58A2R_1_rev	100.000	17	0	0	25	9	25	17	1	17	3.66e-06	31.9
ERR3855187	ITS2_1_rev	100.000	17	0	0	25	9	25	20	1	17	3.66e-06	31.9
ERR3855187	58A2R_1_rev	100.000	16	0	0	25	10	25	17	1	16	1.28e-05	30.1
ERR3855188	ITS2_1_rev	100.000	17	0	0	26	10	26	20	1	17	3.34e-06	31.9
ERR3855188	58A2R_1_rev	100.000	16	0	0	26	11	26	17	1	16	1.17e-05	30.1
ERR3855189	ITS2_1_rev	100.000	17	0	0	27	11	27	20	1	17	3.53e-06	31.9
ERR3855189	58A2R_1_rev	100.000	16	0	0	27	12	27	17	1	16	1.23e-05	30.1
ERR3855190	ITS2_1_rev	100.000	17	0	0	28	12	28	20	1	17	3.73e-06	31.9
ERR3855190	58A2R_1_rev	100.000	16	0	0	28	13	28	17	1	16	1.30e-05	30.1
ERR3855191	ITS2_1_rev	100.000	17	0	0	28	12	28	20	1	17	3.73e-06	31.9
ERR3855191	58A2R_1_rev	100.000	16	0	0	28	13	28	17	1	16	1.30e-05	30.1
ERR3855192	ITS2_1_rev	100.000	17	0	0	21	5	21	20	1	17	2.80e-06	31.9
ERR3855192	58A2R_1_rev	100.000	16	0	0	21	6	21	17	1	16	9.77e-06	30.1
ERR3855193	ITS2_1_rev	100.000	18	0	0	22	5	22	20	1	18	8.63e-07	33.7
ERR3855193	58A2R_1_rev	100.000	17	0	0	22	6	22	17	1	17	3.01e-06	31.9
ERR3855195	ITS2_1_rev	100.000	17	0	0	22	6	22	20	1	17	3.01e-06	31.9
ERR3855195	58A2R_1_rev	100.000	16	0	0	22	7	22	17	1	16	1.05e-05	30.1
ERR3855196	ITS2_1_rev	100.000	17	0	0	23	7	23	20	1	17	3.23e-06	31.9
ERR3855196	58A2R_1_rev	100.000	16	0	0	23	8	23	17	1	16	1.13e-05	30.1
ERR3855196	ITS2_KYO2_1_rev	83.333	18	3	0	23	4	21	18	1	18	4.79e-04	25.6
ERR3855197	ITS2_1_rev	100.000	17	0	0	23	7	23	20	1	17	3.23e-06	31.9
ERR3855197	58A2R_1_rev	100.000	16	0	0	23	8	23	17	1	16	1.13e-05	30.1
ERR3855199	ITS2_1_rev	100.000	17	0	0	24	8	24	20	1	17	3.44e-06	31.9
ERR3855199	58A2R_1_rev	100.000	16	0	0	24	9	24	17	1	16	1.20e-05	30.1
ERR3855200	ITS2_1_rev	100.000	17	0	0	25	9	25	20	1	17	3.66e-06	31.9
ERR3855200	58A2R_1_rev	100.000	16	0	0	25	10	25	17	1	16	1.28e-05	30.1
ERR3855201	ITS2_1_rev	100.000	17	0	0	21	5	21	20	1	17	2.80e-06	31.9
ERR3855201	58A2R_1_rev	100.000	16	0	0	21	6	21	17	1	16	9.77e-06	30.1
ERR3855202	ITS2_1_rev	100.000	17	0	0	27	11	27	20	1	17	3.53e-06	31.9
ERR3855202	58A2R_1_rev	100.000	16	0	0	27	12	27	17	1	16	1.23e-05	30.1
ERR3855203	5.8S_Fungi_1_rev	100.000	23	0	0	63	31	53	23	1	23	5.20e-09	42.8
ERR3855203	ITS2_1_rev	100.000	20	0	0	63	5	24	20	1	20	2.21e-07	37.4
ERR3855203	58A2R_1_rev	100.000	17	0	0	63	6	22	17	1	17	9.41e-06	31.9
ERR3855203	B58S3_1_rev	85.000	20	3	0	63	34	53	20	1	20	1.15e-04	29.2
ERR3855204	5.8S_Fungi_1_rev	100.000	23	0	0	72	32	54	23	1	23	6.09e-09	42.8
ERR3855204	ITS2_1_rev	100.000	20	0	0	72	6	25	20	1	20	2.59e-07	37.4
ERR3855204	58A2R_1_rev	100.000	17	0	0	72	7	23	17	1	17	1.10e-05	31.9
ERR3855204	B58S3_1_rev	85.000	20	3	0	72	35	54	20	1	20	1.34e-04	29.2
ERR3855205	5.8S_Fungi_1_rev	100.000	23	0	0	69	32	54	23	1	23	5.79e-09	42.8
ERR3855205	ITS2_1_rev	100.000	20	0	0	69	6	25	20	1	20	2.46e-07	37.4
ERR3855205	58A2R_1_rev	100.000	17	0	0	69	7	23	17	1	17	1.05e-05	31.9
ERR3855205	B58S3_1_rev	85.000	20	3	0	69	35	54	20	1	20	1.28e-04	29.2
ERR3855206	5.8S_Fungi_1_rev	100.000	23	0	0	100	33	55	23	1	23	8.83e-09	42.8
ERR3855206	ITS2_1_rev	100.000	20	0	0	100	7	26	20	1	20	3.76e-07	37.4
ERR3855206	58A2R_1_rev	100.000	17	0	0	100	8	24	17	1	17	1.60e-05	31.9
ERR3855206	B58S3_1_rev	85.000	20	3	0	100	36	55	20	1	20	1.95e-04	29.2
ERR3855207	5.8S_Fungi_1_rev	100.000	23	0	0	91	33	55	23	1	23	7.95e-09	42.8
ERR3855207	ITS2_1_rev	100.000	20	0	0	91	7	26	20	1	20	3.38e-07	37.4
ERR3855207	58A2R_1_rev	100.000	17	0	0	91	8	24	17	1	17	1.44e-05	31.9
ERR3855207	B58S3_1_rev	85.000	20	3	0	91	36	55	20	1	20	1.75e-04	29.2
ERR3855208	5.8S_Fungi_1_rev	100.000	23	0	0	100	34	56	23	1	23	8.83e-09	42.8
ERR3855208	ITS2_1_rev	100.000	20	0	0	100	8	27	20	1	20	3.76e-07	37.4
ERR3855208	58A2R_1_rev	100.000	17	0	0	100	9	25	17	1	17	1.60e-05	31.9
ERR3855208	B58S3_1_rev	85.000	20	3	0	100	37	56	20	1	20	1.95e-04	29.2
ERR3855209	5.8S_Fungi_1_rev	100.000	23	0	0	58	34	56	23	1	23	4.71e-09	42.8
ERR3855209	ITS2_1_rev	100.000	20	0	0	58	8	27	20	1	20	2.00e-07	37.4
ERR3855209	58A2R_1_rev	100.000	17	0	0	58	9	25	17	1	17	8.52e-06	31.9
ERR3855209	B58S3_1_rev	85.000	20	3	0	58	37	56	20	1	20	1.04e-04	29.2
ERR3855210	ITS2_1_rev	100.000	17	0	0	28	12	28	20	1	17	3.73e-06	31.9
ERR3855210	58A2R_1_rev	100.000	16	0	0	28	13	28	17	1	16	1.30e-05	30.1
ERR3855211	5.8S_Fungi_1_rev	100.000	23	0	0	75	35	57	23	1	23	6.38e-09	42.8
ERR3855211	ITS2_1_rev	100.000	20	0	0	75	9	28	20	1	20	2.71e-07	37.4
ERR3855211	58A2R_1_rev	100.000	17	0	0	75	10	26	17	1	17	1.15e-05	31.9
ERR3855211	B58S3_1_rev	85.000	20	3	0	75	38	57	20	1	20	1.41e-04	29.2
ERR3855212	5.8S_Fungi_1_rev	100.000	23	0	0	67	36	58	23	1	23	5.59e-09	42.8
ERR3855212	ITS2_1_rev	100.000	20	0	0	67	10	29	20	1	20	2.38e-07	37.4
ERR3855212	58A2R_1_rev	100.000	17	0	0	67	11	27	17	1	17	1.01e-05	31.9
ERR3855212	B58S3_1_rev	85.000	20	3	0	67	39	58	20	1	20	1.23e-04	29.2
ERR3855213	5.8S_Fungi_1_rev	100.000	23	0	0	100	37	59	23	1	23	8.83e-09	42.8
ERR3855213	ITS2_1_rev	100.000	20	0	0	100	11	30	20	1	20	3.76e-07	37.4
ERR3855213	58A2R_1_rev	100.000	17	0	0	100	12	28	17	1	17	1.60e-05	31.9
ERR3855213	B58S3_1_rev	85.000	20	3	0	100	40	59	20	1	20	1.95e-04	29.2
ERR3855214	ITS2_1_rev	100.000	17	0	0	28	12	28	20	1	17	3.73e-06	31.9
ERR3855214	58A2R_1_rev	100.000	16	0	0	28	13	28	17	1	16	1.30e-05	30.1
ERR3855215	5.8S_Fungi_1_rev	100.000	23	0	0	65	31	53	23	1	23	5.40e-09	42.8
ERR3855215	ITS2_1_rev	100.000	20	0	0	65	5	24	20	1	20	2.30e-07	37.4
ERR3855215	58A2R_1_rev	100.000	17	0	0	65	6	22	17	1	17	9.76e-06	31.9
ERR3855215	B58S3_1_rev	85.000	20	3	0	65	34	53	20	1	20	1.19e-04	29.2
ERR3855216	5.8S_Fungi_1_rev	100.000	23	0	0	100	31	53	23	1	23	8.83e-09	42.8
ERR3855216	ITS2_1_rev	100.000	20	0	0	100	5	24	20	1	20	3.76e-07	37.4
ERR3855216	58A2R_1_rev	100.000	17	0	0	100	6	22	17	1	17	1.60e-05	31.9
ERR3855216	B58S3_1_rev	85.000	20	3	0	100	34	53	20	1	20	1.95e-04	29.2
ERR3855218	5.8S_Fungi_1_rev	100.000	23	0	0	65	32	54	23	1	23	5.40e-09	42.8
ERR3855218	ITS2_1_rev	100.000	20	0	0	65	6	25	20	1	20	2.30e-07	37.4
ERR3855218	58A2R_1_rev	100.000	17	0	0	65	7	23	17	1	17	9.76e-06	31.9
ERR3855218	B58S3_1_rev	85.000	20	3	0	65	35	54	20	1	20	1.19e-04	29.2
ERR3855219	5.8S_Fungi_1_rev	100.000	23	0	0	65	33	55	23	1	23	5.40e-09	42.8
ERR3855219	ITS2_1_rev	100.000	20	0	0	65	7	26	20	1	20	2.30e-07	37.4
ERR3855219	58A2R_1_rev	100.000	17	0	0	65	8	24	17	1	17	9.76e-06	31.9
ERR3855219	B58S3_1_rev	85.000	20	3	0	65	36	55	20	1	20	1.19e-04	29.2
ERR3855220	5.8S_Fungi_1_rev	100.000	23	0	0	65	33	55	23	1	23	5.40e-09	42.8
ERR3855220	ITS2_1_rev	100.000	20	0	0	65	7	26	20	1	20	2.30e-07	37.4
ERR3855220	58A2R_1_rev	100.000	17	0	0	65	8	24	17	1	17	9.76e-06	31.9
ERR3855220	B58S3_1_rev	85.000	20	3	0	65	36	55	20	1	20	1.19e-04	29.2
ERR3855221	5.8S_Fungi_1_rev	100.000	23	0	0	67	34	56	23	1	23	5.59e-09	42.8
ERR3855221	ITS2_1_rev	100.000	20	0	0	67	8	27	20	1	20	2.38e-07	37.4
ERR3855221	58A2R_1_rev	100.000	17	0	0	67	9	25	17	1	17	1.01e-05	31.9
ERR3855221	B58S3_1_rev	85.000	20	3	0	67	37	56	20	1	20	1.23e-04	29.2
ERR3855222	ITS2_1_rev	100.000	17	0	0	24	8	24	20	1	17	3.44e-06	31.9
ERR3855222	58A2R_1_rev	100.000	16	0	0	24	9	24	17	1	16	1.20e-05	30.1
ERR3855223	5.8S_Fungi_1_rev	100.000	23	0	0	67	35	57	23	1	23	5.59e-09	42.8
ERR3855223	ITS2_1_rev	100.000	20	0	0	67	9	28	20	1	20	2.38e-07	37.4
ERR3855223	58A2R_1_rev	100.000	17	0	0	67	10	26	17	1	17	1.01e-05	31.9
ERR3855223	B58S3_1_rev	85.000	20	3	0	67	38	57	20	1	20	1.23e-04	29.2
ERR3855224	5.8S_Fungi_1_rev	100.000	23	0	0	100	31	53	23	1	23	8.83e-09	42.8
ERR3855224	ITS2_1_rev	100.000	20	0	0	100	5	24	20	1	20	3.76e-07	37.4
ERR3855224	58A2R_1_rev	100.000	17	0	0	100	6	22	17	1	17	1.60e-05	31.9
ERR3855224	B58S3_1_rev	85.000	20	3	0	100	34	53	20	1	20	1.95e-04	29.2
ERR3855225	5.8S_Fungi_1_rev	100.000	23	0	0	69	36	58	23	1	23	5.79e-09	42.8
ERR3855225	ITS2_1_rev	100.000	20	0	0	69	10	29	20	1	20	2.46e-07	37.4
ERR3855225	58A2R_1_rev	100.000	17	0	0	69	11	27	17	1	17	1.05e-05	31.9
ERR3855225	B58S3_1_rev	85.000	20	3	0	69	39	58	20	1	20	1.28e-04	29.2
ERR3855226	ITS2_1_rev	100.000	17	0	0	27	11	27	20	1	17	3.53e-06	31.9
ERR3855226	58A2R_1_rev	100.000	16	0	0	27	12	27	17	1	16	1.23e-05	30.1
ERR3855227	ITS2_1_rev	100.000	17	0	0	28	12	28	20	1	17	3.73e-06	31.9
ERR3855227	58A2R_1_rev	100.000	16	0	0	28	13	28	17	1	16	1.30e-05	30.1
ERR3855228	ITS2_1_rev	100.000	17	0	0	21	5	21	20	1	17	2.80e-06	31.9
ERR3855228	58A2R_1_rev	100.000	16	0	0	21	6	21	17	1	16	9.77e-06	30.1
ERR3855229	5.8S_Fungi_1_rev	100.000	23	0	0	64	31	53	23	1	23	5.30e-09	42.8
ERR3855229	ITS2_1_rev	100.000	20	0	0	64	5	24	20	1	20	2.25e-07	37.4
ERR3855229	58A2R_1_rev	100.000	17	0	0	64	6	22	17	1	17	9.58e-06	31.9
ERR3855229	B58S3_1_rev	85.000	20	3	0	64	34	53	20	1	20	1.17e-04	29.2
ERR3855230	5.8S_Fungi_1_rev	100.000	23	0	0	100	32	54	23	1	23	8.83e-09	42.8
ERR3855230	ITS2_1_rev	100.000	20	0	0	100	6	25	20	1	20	3.76e-07	37.4
ERR3855230	58A2R_1_rev	100.000	17	0	0	100	7	23	17	1	17	1.60e-05	31.9
ERR3855230	B58S3_1_rev	85.000	20	3	0	100	35	54	20	1	20	1.95e-04	29.2
ERR3855231	5.8S_Fungi_1_rev	100.000	23	0	0	100	32	54	23	1	23	8.83e-09	42.8
ERR3855231	ITS2_1_rev	100.000	20	0	0	100	6	25	20	1	20	3.76e-07	37.4
ERR3855231	58A2R_1_rev	100.000	17	0	0	100	7	23	17	1	17	1.60e-05	31.9
ERR3855231	B58S3_1_rev	85.000	20	3	0	100	35	54	20	1	20	1.95e-04	29.2
ERR3855232	ITS2_1_rev	100.000	17	0	0	23	7	23	20	1	17	3.23e-06	31.9
ERR3855232	58A2R_1_rev	100.000	16	0	0	23	8	23	17	1	16	1.13e-05	30.1
ERR3855232	ITS2_KYO2_1_rev	83.333	18	3	0	23	4	21	18	1	18	4.79e-04	25.6
ERR3855233	5.8S_Fungi_1_rev	100.000	23	0	0	100	33	55	23	1	23	8.83e-09	42.8
ERR3855233	ITS2_1_rev	100.000	20	0	0	100	7	26	20	1	20	3.76e-07	37.4
ERR3855233	58A2R_1_rev	100.000	17	0	0	100	8	24	17	1	17	1.60e-05	31.9
ERR3855233	B58S3_1_rev	85.000	20	3	0	100	36	55	20	1	20	1.95e-04	29.2
ERR3855234	ITS2_1_rev	100.000	17	0	0	24	8	24	20	1	17	3.44e-06	31.9
ERR3855234	58A2R_1_rev	100.000	16	0	0	24	9	24	17	1	16	1.20e-05	30.1
ERR3855236	5.8S_Fungi_1_rev	100.000	23	0	0	62	35	57	23	1	23	5.10e-09	42.8
ERR3855236	ITS2_1_rev	100.000	20	0	0	62	9	28	20	1	20	2.17e-07	37.4
ERR3855236	58A2R_1_rev	100.000	17	0	0	62	10	26	17	1	17	9.23e-06	31.9
ERR3855236	B58S3_1_rev	85.000	20	3	0	62	38	57	20	1	20	1.12e-04	29.2
ERR3855237	ITS2_1_rev	100.000	17	0	0	26	10	26	20	1	17	3.34e-06	31.9
ERR3855237	58A2R_1_rev	100.000	16	0	0	26	11	26	17	1	16	1.17e-05	30.1
ERR3855238	5.8S_Fungi_1_rev	100.000	23	0	0	100	31	53	23	1	23	8.83e-09	42.8
ERR3855238	ITS2_1_rev	100.000	20	0	0	100	5	24	20	1	20	3.76e-07	37.4
ERR3855238	58A2R_1_rev	100.000	17	0	0	100	6	22	17	1	17	1.60e-05	31.9
ERR3855238	B58S3_1_rev	85.000	20	3	0	100	34	53	20	1	20	1.95e-04	29.2
ERR3855239	5.8S_Fungi_1_rev	100.000	23	0	0	65	34	56	23	1	23	5.40e-09	42.8
ERR3855239	ITS2_1_rev	100.000	20	0	0	65	8	27	20	1	20	2.30e-07	37.4
ERR3855239	58A2R_1_rev	100.000	17	0	0	65	9	25	17	1	17	9.76e-06	31.9
ERR3855239	B58S3_1_rev	85.000	20	3	0	65	37	56	20	1	20	1.19e-04	29.2
ERR3855240	5.8S_Fungi_1_rev	100.000	23	0	0	63	32	54	23	1	23	5.20e-09	42.8
ERR3855240	ITS2_1_rev	100.000	20	0	0	63	6	25	20	1	20	2.21e-07	37.4
ERR3855240	58A2R_1_rev	100.000	17	0	0	63	7	23	17	1	17	9.41e-06	31.9
ERR3855240	B58S3_1_rev	85.000	20	3	0	63	35	54	20	1	20	1.15e-04	29.2
ERR3855241	5.8S_Fungi_1_rev	100.000	23	0	0	100	32	54	23	1	23	8.83e-09	42.8
ERR3855241	ITS2_1_rev	100.000	20	0	0	100	6	25	20	1	20	3.76e-07	37.4
ERR3855241	58A2R_1_rev	100.000	17	0	0	100	7	23	17	1	17	1.60e-05	31.9
ERR3855241	B58S3_1_rev	85.000	20	3	0	100	35	54	20	1	20	1.95e-04	29.2
ERR3855242	5.8S_Fungi_1_rev	100.000	23	0	0	70	33	55	23	1	23	5.89e-09	42.8
ERR3855242	ITS2_1_rev	100.000	20	0	0	70	7	26	20	1	20	2.50e-07	37.4
ERR3855242	58A2R_1_rev	100.000	17	0	0	70	8	24	17	1	17	1.06e-05	31.9
ERR3855242	B58S3_1_rev	85.000	20	3	0	70	36	55	20	1	20	1.30e-04	29.2
ERR3855243	5.8S_Fungi_1_rev	100.000	23	0	0	64	33	55	23	1	23	5.30e-09	42.8
ERR3855243	ITS2_1_rev	100.000	20	0	0	64	7	26	20	1	20	2.25e-07	37.4
ERR3855243	58A2R_1_rev	100.000	17	0	0	64	8	24	17	1	17	9.58e-06	31.9
ERR3855243	B58S3_1_rev	85.000	20	3	0	64	36	55	20	1	20	1.17e-04	29.2
ERR3855244	5.8S_Fungi_1_rev	100.000	23	0	0	65	34	56	23	1	23	5.40e-09	42.8
ERR3855244	ITS2_1_rev	100.000	20	0	0	65	8	27	20	1	20	2.30e-07	37.4
ERR3855244	58A2R_1_rev	100.000	17	0	0	65	9	25	17	1	17	9.76e-06	31.9
ERR3855244	B58S3_1_rev	85.000	20	3	0	65	37	56	20	1	20	1.19e-04	29.2
ERR3855245	5.8S_Fungi_1_rev	100.000	23	0	0	65	34	56	23	1	23	5.40e-09	42.8
ERR3855245	ITS2_1_rev	100.000	20	0	0	65	8	27	20	1	20	2.30e-07	37.4
ERR3855245	58A2R_1_rev	100.000	17	0	0	65	9	25	17	1	17	9.76e-06	31.9
ERR3855245	B58S3_1_rev	85.000	20	3	0	65	37	56	20	1	20	1.19e-04	29.2
ERR3855246	ITS2_1_rev	100.000	17	0	0	25	9	25	20	1	17	3.66e-06	31.9
ERR3855246	58A2R_1_rev	100.000	16	0	0	25	10	25	17	1	16	1.28e-05	30.1
ERR3855248	ITS2_1_rev	100.000	17	0	0	24	8	24	20	1	17	3.44e-06	31.9
ERR3855248	58A2R_1_rev	100.000	16	0	0	24	9	24	17	1	16	1.20e-05	30.1
ERR3855251	ITS2_1_rev	100.000	17	0	0	21	5	21	20	1	17	2.80e-06	31.9
ERR3855251	58A2R_1_rev	100.000	16	0	0	21	6	21	17	1	16	9.77e-06	30.1
ERR3855253	ITS2_1_rev	100.000	17	0	0	22	6	22	20	1	17	3.01e-06	31.9
ERR3855253	58A2R_1_rev	100.000	16	0	0	22	7	22	17	1	16	1.05e-05	30.1
ERR3855256	ITS2_1_rev	100.000	17	0	0	23	7	23	20	1	17	3.23e-06	31.9
ERR3855256	58A2R_1_rev	100.000	16	0	0	23	8	23	17	1	16	1.13e-05	30.1
ERR3855257	5.8S_Fungi_1_rev	100.000	23	0	0	62	34	56	23	1	23	5.10e-09	42.8
ERR3855257	ITS2_1_rev	100.000	20	0	0	62	8	27	20	1	20	2.17e-07	37.4
ERR3855257	58A2R_1_rev	100.000	17	0	0	62	9	25	17	1	17	9.23e-06	31.9
ERR3855257	B58S3_1_rev	85.000	20	3	0	62	37	56	20	1	20	1.12e-04	29.2
ERR3855259	5.8S_Fungi_1_rev	100.000	23	0	0	70	35	57	23	1	23	5.89e-09	42.8
ERR3855259	ITS2_1_rev	100.000	20	0	0	70	9	28	20	1	20	2.50e-07	37.4
ERR3855259	58A2R_1_rev	100.000	17	0	0	70	10	26	17	1	17	1.06e-05	31.9
ERR3855259	B58S3_1_rev	85.000	20	3	0	70	38	57	20	1	20	1.30e-04	29.2
ERR3855262	ITS2_1_rev	100.000	17	0	0	25	9	25	20	1	17	3.66e-06	31.9
ERR3855262	58A2R_1_rev	100.000	16	0	0	25	10	25	17	1	16	1.28e-05	30.1
ERR3855265	ITS2_1_rev	100.000	17	0	0	21	5	21	20	1	17	2.80e-06	31.9
ERR3855265	58A2R_1_rev	100.000	16	0	0	21	6	21	17	1	16	9.77e-06	30.1
ERR3855267	5.8S_Fungi_1_rev	100.000	23	0	0	66	32	54	23	1	23	5.50e-09	42.8
ERR3855267	ITS2_1_rev	100.000	20	0	0	66	6	25	20	1	20	2.34e-07	37.4
ERR3855267	58A2R_1_rev	100.000	17	0	0	66	7	23	17	1	17	9.94e-06	31.9
ERR3855267	B58S3_1_rev	85.000	20	3	0	66	35	54	20	1	20	1.21e-04	29.2
ERR3855268	ITS2_1_rev	100.000	18	0	0	24	7	24	20	1	18	9.87e-07	33.7
ERR3855268	58A2R_1_rev	100.000	17	0	0	24	8	24	17	1	17	3.44e-06	31.9
ERR3855268	ITS2_KYO2_1_rev	83.333	18	3	0	24	4	21	18	1	18	5.11e-04	25.6
ERR3855269	ITS2_1_rev	100.000	17	0	0	23	7	23	20	1	17	3.23e-06	31.9
ERR3855269	58A2R_1_rev	100.000	16	0	0	23	8	23	17	1	16	1.13e-05	30.1
ERR3855271	5.8S_Fungi_1_rev	100.000	23	0	0	61	34	56	23	1	23	5.01e-09	42.8
ERR3855271	ITS2_1_rev	100.000	20	0	0	61	8	27	20	1	20	2.13e-07	37.4
ERR3855271	58A2R_1_rev	100.000	17	0	0	61	9	25	17	1	17	9.05e-06	31.9
ERR3855271	B58S3_1_rev	85.000	20	3	0	61	37	56	20	1	20	1.10e-04	29.2
ERR3855272	ITS2_1_rev	100.000	17	0	0	27	11	27	20	1	17	3.53e-06	31.9
ERR3855272	58A2R_1_rev	100.000	16	0	0	27	12	27	17	1	16	1.23e-05	30.1
ERR3855273	ITS2_1_rev	100.000	17	0	0	28	12	28	20	1	17	3.73e-06	31.9
ERR3855273	58A2R_1_rev	100.000	16	0	0	28	13	28	17	1	16	1.30e-05	30.1
ERR3855274	ITS2_1_rev	100.000	17	0	0	21	5	21	20	1	17	2.80e-06	31.9
ERR3855274	58A2R_1_rev	100.000	16	0	0	21	6	21	17	1	16	9.77e-06	30.1
ERR3855275	ITS2_1_rev	100.000	17	0	0	24	8	24	20	1	17	3.44e-06	31.9
ERR3855275	58A2R_1_rev	100.000	16	0	0	24	9	24	17	1	16	1.20e-05	30.1
ERR3855276	ITS2_1_rev	100.000	17	0	0	25	9	25	20	1	17	3.66e-06	31.9
ERR3855276	58A2R_1_rev	100.000	16	0	0	25	10	25	17	1	16	1.28e-05	30.1
ERR3855277	5.8S_Fungi_1_rev	100.000	23	0	0	100	31	53	23	1	23	8.83e-09	42.8
ERR3855277	ITS2_1_rev	100.000	20	0	0	100	5	24	20	1	20	3.76e-07	37.4
ERR3855277	58A2R_1_rev	100.000	17	0	0	100	6	22	17	1	17	1.60e-05	31.9
ERR3855277	B58S3_1_rev	85.000	20	3	0	100	34	53	20	1	20	1.95e-04	29.2
ERR3855278	5.8S_Fungi_1_rev	100.000	23	0	0	100	36	58	23	1	23	8.83e-09	42.8
ERR3855278	ITS2_1_rev	100.000	20	0	0	100	10	29	20	1	20	3.76e-07	37.4
ERR3855278	58A2R_1_rev	100.000	17	0	0	100	11	27	17	1	17	1.60e-05	31.9
ERR3855278	B58S3_1_rev	85.000	20	3	0	100	39	58	20	1	20	1.95e-04	29.2
ERR3855279	5.8S_Fungi_1_rev	95.652	23	1	0	65	32	54	23	1	23	2.30e-07	38.3
ERR3855279	ITS2_1_rev	100.000	19	0	0	65	6	24	20	1	19	8.01e-07	35.6
ERR3855279	58A2R_1_rev	100.000	17	0	0	65	7	23	17	1	17	9.76e-06	31.9
ERR3855280	5.8S_Fungi_1_rev	95.652	23	1	0	65	32	54	23	1	23	2.30e-07	38.3
ERR3855280	ITS2_1_rev	100.000	19	0	0	65	6	24	20	1	19	8.01e-07	35.6
ERR3855280	58A2R_1_rev	100.000	17	0	0	65	7	23	17	1	17	9.76e-06	31.9
ERR3855281	5.8S_Fungi_1_rev	95.652	23	1	0	66	33	55	23	1	23	2.34e-07	38.3
ERR3855281	ITS2_1_rev	100.000	19	0	0	66	7	25	20	1	19	8.16e-07	35.6
ERR3855281	58A2R_1_rev	100.000	17	0	0	66	8	24	17	1	17	9.94e-06	31.9
ERR3855282	5.8S_Fungi_1_rev	95.652	23	1	0	60	33	55	23	1	23	2.09e-07	38.3
ERR3855282	ITS2_1_rev	100.000	19	0	0	60	7	25	20	1	19	7.28e-07	35.6
ERR3855282	58A2R_1_rev	100.000	17	0	0	60	8	24	17	1	17	8.87e-06	31.9
ERR3855285	ITS2_1_rev	100.000	17	0	0	28	12	28	20	1	17	3.73e-06	31.9
ERR3855285	58A2R_1_rev	100.000	16	0	0	28	13	28	17	1	16	1.30e-05	30.1
ERR3855287	ITS2_1_rev	100.000	17	0	0	21	5	21	20	1	17	2.80e-06	31.9
ERR3855287	58A2R_1_rev	100.000	16	0	0	21	6	21	17	1	16	9.77e-06	30.1
ERR3855288	ITS2_1_rev	100.000	17	0	0	22	6	22	20	1	17	3.01e-06	31.9
ERR3855288	58A2R_1_rev	100.000	16	0	0	22	7	22	17	1	16	1.05e-05	30.1
ERR3855289	ITS2_1_rev	100.000	17	0	0	22	6	22	20	1	17	3.01e-06	31.9
ERR3855289	58A2R_1_rev	100.000	16	0	0	22	7	22	17	1	16	1.05e-05	30.1
ERR3855292	5.8S_Fungi_1_rev	100.000	23	0	0	99	33	55	23	1	23	8.74e-09	42.8
ERR3855292	ITS2_1_rev	100.000	20	0	0	99	7	26	20	1	20	3.71e-07	37.4
ERR3855292	58A2R_1_rev	100.000	17	0	0	99	8	24	17	1	17	1.58e-05	31.9
ERR3855292	B58S3_1_rev	85.000	20	3	0	99	36	55	20	1	20	1.92e-04	29.2
ERR3855293	ITS2_1_rev	100.000	17	0	0	24	8	24	20	1	17	3.44e-06	31.9
ERR3855293	58A2R_1_rev	100.000	16	0	0	24	9	24	17	1	16	1.20e-05	30.1
ERR3855295	ITS2_1_rev	100.000	17	0	0	25	9	25	20	1	17	3.66e-06	31.9
ERR3855295	58A2R_1_rev	100.000	16	0	0	25	10	25	17	1	16	1.28e-05	30.1
ERR3855296	ITS2_1_rev	100.000	17	0	0	26	10	26	20	1	17	3.34e-06	31.9
ERR3855296	58A2R_1_rev	100.000	16	0	0	26	11	26	17	1	16	1.17e-05	30.1
ERR3855297	5.8S_Fungi_1_rev	100.000	23	0	0	59	32	54	23	1	23	4.81e-09	42.8
ERR3855297	ITS2_1_rev	100.000	20	0	0	59	6	25	20	1	20	2.05e-07	37.4
ERR3855297	58A2R_1_rev	100.000	17	0	0	59	7	23	17	1	17	8.70e-06	31.9
ERR3855297	B58S3_1_rev	85.000	20	3	0	59	35	54	20	1	20	1.06e-04	29.2
ERR3855298	ITS2_1_rev	100.000	17	0	0	22	6	22	20	1	17	3.01e-06	31.9
ERR3855298	58A2R_1_rev	100.000	16	0	0	22	7	22	17	1	16	1.05e-05	30.1
ERR3855299	ITS2_1_rev	100.000	17	0	0	27	11	27	20	1	17	3.53e-06	31.9
ERR3855299	58A2R_1_rev	100.000	16	0	0	27	12	27	17	1	16	1.23e-05	30.1
ERR3855301	ITS2_1_rev	100.000	17	0	0	21	5	21	20	1	17	2.80e-06	31.9
ERR3855301	58A2R_1_rev	100.000	16	0	0	21	6	21	17	1	16	9.77e-06	30.1
ERR3855302	5.8S_Fungi_1_rev	100.000	23	0	0	73	31	53	23	1	23	6.18e-09	42.8
ERR3855302	ITS2_1_rev	100.000	20	0	0	73	5	24	20	1	20	2.63e-07	37.4
ERR3855302	58A2R_1_rev	100.000	17	0	0	73	6	22	17	1	17	1.12e-05	31.9
ERR3855302	B58S3_1_rev	85.000	20	3	0	73	34	53	20	1	20	1.36e-04	29.2
ERR3855303	ITS2_1_rev	100.000	17	0	0	22	6	22	20	1	17	3.01e-06	31.9
ERR3855303	58A2R_1_rev	100.000	16	0	0	22	7	22	17	1	16	1.05e-05	30.1
ERR3855304	ITS2_1_rev	100.000	17	0	0	22	6	22	20	1	17	3.01e-06	31.9
ERR3855304	58A2R_1_rev	100.000	16	0	0	22	7	22	17	1	16	1.05e-05	30.1
ERR3855306	ITS2_1_rev	100.000	17	0	0	23	7	23	20	1	17	3.23e-06	31.9
ERR3855306	58A2R_1_rev	100.000	16	0	0	23	8	23	17	1	16	1.13e-05	30.1
ERR3855307	ITS2_1_rev	100.000	17	0	0	24	8	24	20	1	17	3.44e-06	31.9
ERR3855307	58A2R_1_rev	100.000	16	0	0	24	9	24	17	1	16	1.20e-05	30.1
ERR3855308	ITS2_1_rev	100.000	17	0	0	24	8	24	20	1	17	3.44e-06	31.9
ERR3855308	58A2R_1_rev	100.000	16	0	0	24	9	24	17	1	16	1.20e-05	30.1
ERR3855309	ITS2_1_rev	100.000	15	0	0	25	9	23	20	1	15	4.46e-05	28.3
ERR3855309	58A2R_1_rev	100.000	14	0	0	25	10	23	17	1	14	1.56e-04	26.5
ERR3855310	ITS2_1_rev	100.000	17	0	0	26	10	26	20	1	17	3.34e-06	31.9
ERR3855310	58A2R_1_rev	100.000	16	0	0	26	11	26	17	1	16	1.17e-05	30.1
ERR3855311	5.8S_Fungi_1_rev	100.000	23	0	0	66	32	54	23	1	23	5.50e-09	42.8
ERR3855311	ITS2_1_rev	100.000	20	0	0	66	6	25	20	1	20	2.34e-07	37.4
ERR3855311	58A2R_1_rev	100.000	17	0	0	66	7	23	17	1	17	9.94e-06	31.9
ERR3855311	B58S3_1_rev	85.000	20	3	0	66	35	54	20	1	20	1.21e-04	29.2
ERR3855312	5.8S_Fungi_1_rev	100.000	23	0	0	100	31	53	23	1	23	8.83e-09	42.8
ERR3855312	ITS2_1_rev	100.000	20	0	0	100	5	24	20	1	20	3.76e-07	37.4
ERR3855312	58A2R_1_rev	100.000	17	0	0	100	6	22	17	1	17	1.60e-05	31.9
ERR3855312	B58S3_1_rev	85.000	20	3	0	100	34	53	20	1	20	1.95e-04	29.2
ERR3855313	5.8S_Fungi_1_rev	100.000	23	0	0	100	32	54	23	1	23	8.83e-09	42.8
ERR3855313	ITS2_1_rev	100.000	20	0	0	100	6	25	20	1	20	3.76e-07	37.4
ERR3855313	58A2R_1_rev	100.000	17	0	0	100	7	23	17	1	17	1.60e-05	31.9
ERR3855313	B58S3_1_rev	85.000	20	3	0	100	35	54	20	1	20	1.95e-04	29.2
ERR3855314	5.8S_Fungi_1_rev	100.000	23	0	0	100	32	54	23	1	23	8.83e-09	42.8
ERR3855314	ITS2_1_rev	100.000	20	0	0	100	6	25	20	1	20	3.76e-07	37.4
ERR3855314	58A2R_1_rev	100.000	17	0	0	100	7	23	17	1	17	1.60e-05	31.9
ERR3855314	B58S3_1_rev	85.000	20	3	0	100	35	54	20	1	20	1.95e-04	29.2
ERR3855315	5.8S_Fungi_1_rev	100.000	23	0	0	100	33	55	23	1	23	8.83e-09	42.8
ERR3855315	ITS2_1_rev	100.000	20	0	0	100	7	26	20	1	20	3.76e-07	37.4
ERR3855315	58A2R_1_rev	100.000	17	0	0	100	8	24	17	1	17	1.60e-05	31.9
ERR3855315	B58S3_1_rev	85.000	20	3	0	100	36	55	20	1	20	1.95e-04	29.2
ERR3855316	5.8S_Fungi_1_rev	100.000	23	0	0	67	33	55	23	1	23	5.59e-09	42.8
ERR3855316	ITS2_1_rev	100.000	20	0	0	67	7	26	20	1	20	2.38e-07	37.4
ERR3855316	58A2R_1_rev	100.000	17	0	0	67	8	24	17	1	17	1.01e-05	31.9
ERR3855316	B58S3_1_rev	85.000	20	3	0	67	36	55	20	1	20	1.23e-04	29.2
ERR3855317	ITS2_1_rev	100.000	17	0	0	23	7	23	20	1	17	3.23e-06	31.9
ERR3855317	58A2R_1_rev	100.000	16	0	0	23	8	23	17	1	16	1.13e-05	30.1
ERR3855319	5.8S_Fungi_1_rev	100.000	23	0	0	68	34	56	23	1	23	5.69e-09	42.8
ERR3855319	ITS2_1_rev	100.000	20	0	0	68	8	27	20	1	20	2.42e-07	37.4
ERR3855319	58A2R_1_rev	100.000	17	0	0	68	9	25	17	1	17	1.03e-05	31.9
ERR3855319	B58S3_1_rev	85.000	20	3	0	68	37	56	20	1	20	1.25e-04	29.2
ERR3855325	5.8S_Fungi_1_rev	100.000	23	0	0	70	31	53	23	1	23	5.89e-09	42.8
ERR3855325	ITS2_1_rev	100.000	20	0	0	70	5	24	20	1	20	2.50e-07	37.4
ERR3855325	58A2R_1_rev	100.000	17	0	0	70	6	22	17	1	17	1.06e-05	31.9
ERR3855325	B58S3_1_rev	85.000	20	3	0	70	34	53	20	1	20	1.30e-04	29.2
ERR3855327	ITS2_1_rev	100.000	17	0	0	22	6	22	20	1	17	3.01e-06	31.9
ERR3855327	58A2R_1_rev	100.000	16	0	0	22	7	22	17	1	16	1.05e-05	30.1
ERR3855329	5.8S_Fungi_1_rev	100.000	23	0	0	100	34	56	23	1	23	8.83e-09	42.8
ERR3855329	ITS2_1_rev	100.000	20	0	0	100	8	27	20	1	20	3.76e-07	37.4
ERR3855329	58A2R_1_rev	100.000	17	0	0	100	9	25	17	1	17	1.60e-05	31.9
ERR3855329	B58S3_1_rev	85.000	20	3	0	100	37	56	20	1	20	1.95e-04	29.2
ERR3855330	5.8S_Fungi_1_rev	100.000	23	0	0	100	35	57	23	1	23	8.83e-09	42.8
ERR3855330	ITS2_1_rev	100.000	20	0	0	100	9	28	20	1	20	3.76e-07	37.4
ERR3855330	58A2R_1_rev	100.000	17	0	0	100	10	26	17	1	17	1.60e-05	31.9
ERR3855330	B58S3_1_rev	85.000	20	3	0	100	38	57	20	1	20	1.95e-04	29.2
ERR3855331	5.8S_Fungi_1_rev	100.000	23	0	0	100	36	58	23	1	23	8.83e-09	42.8
ERR3855331	ITS2_1_rev	100.000	20	0	0	100	10	29	20	1	20	3.76e-07	37.4
ERR3855331	58A2R_1_rev	100.000	17	0	0	100	11	27	17	1	17	1.60e-05	31.9
ERR3855331	B58S3_1_rev	85.000	20	3	0	100	39	58	20	1	20	1.95e-04	29.2
ERR3855332	5.8S_Fungi_1_rev	100.000	23	0	0	100	37	59	23	1	23	8.83e-09	42.8
ERR3855332	ITS2_1_rev	100.000	20	0	0	100	11	30	20	1	20	3.76e-07	37.4
ERR3855332	58A2R_1_rev	100.000	17	0	0	100	12	28	17	1	17	1.60e-05	31.9
ERR3855332	B58S3_1_rev	85.000	20	3	0	100	40	59	20	1	20	1.95e-04	29.2
ERR3855333	5.8S_Fungi_1_rev	100.000	23	0	0	100	38	60	23	1	23	8.83e-09	42.8
ERR3855333	ITS2_1_rev	100.000	20	0	0	100	12	31	20	1	20	3.76e-07	37.4
ERR3855333	58A2R_1_rev	100.000	17	0	0	100	13	29	17	1	17	1.60e-05	31.9
ERR3855333	B58S3_1_rev	85.000	20	3	0	100	41	60	20	1	20	1.95e-04	29.2
ERR3855334	5.8S_Fungi_1_rev	100.000	23	0	0	100	31	53	23	1	23	8.83e-09	42.8
ERR3855334	ITS2_1_rev	100.000	20	0	0	100	5	24	20	1	20	3.76e-07	37.4
ERR3855334	58A2R_1_rev	100.000	17	0	0	100	6	22	17	1	17	1.60e-05	31.9
ERR3855334	B58S3_1_rev	85.000	20	3	0	100	34	53	20	1	20	1.95e-04	29.2
ERR3855335	5.8S_Fungi_1_rev	100.000	23	0	0	100	31	53	23	1	23	8.83e-09	42.8
ERR3855335	ITS2_1_rev	100.000	20	0	0	100	5	24	20	1	20	3.76e-07	37.4
ERR3855335	58A2R_1_rev	100.000	17	0	0	100	6	22	17	1	17	1.60e-05	31.9
ERR3855335	B58S3_1_rev	85.000	20	3	0	100	34	53	20	1	20	1.95e-04	29.2
ERR3855336	5.8S_Fungi_1_rev	100.000	23	0	0	100	31	53	23	1	23	8.83e-09	42.8
ERR3855336	ITS2_1_rev	100.000	20	0	0	100	5	24	20	1	20	3.76e-07	37.4
ERR3855336	58A2R_1_rev	100.000	17	0	0	100	6	22	17	1	17	1.60e-05	31.9
ERR3855336	B58S3_1_rev	85.000	20	3	0	100	34	53	20	1	20	1.95e-04	29.2
ERR3855337	5.8S_Fungi_1_rev	100.000	23	0	0	100	32	54	23	1	23	8.83e-09	42.8
ERR3855337	ITS2_1_rev	100.000	20	0	0	100	6	25	20	1	20	3.76e-07	37.4
ERR3855337	58A2R_1_rev	100.000	17	0	0	100	7	23	17	1	17	1.60e-05	31.9
ERR3855337	B58S3_1_rev	85.000	20	3	0	100	35	54	20	1	20	1.95e-04	29.2
ERR3855338	5.8S_Fungi_1_rev	100.000	23	0	0	100	32	54	23	1	23	8.83e-09	42.8
ERR3855338	ITS2_1_rev	100.000	20	0	0	100	6	25	20	1	20	3.76e-07	37.4
ERR3855338	58A2R_1_rev	100.000	17	0	0	100	7	23	17	1	17	1.60e-05	31.9
ERR3855338	B58S3_1_rev	85.000	20	3	0	100	35	54	20	1	20	1.95e-04	29.2
ERR3855339	5.8S_Fungi_1_rev	100.000	23	0	0	100	33	55	23	1	23	8.83e-09	42.8
ERR3855339	ITS2_1_rev	100.000	20	0	0	100	7	26	20	1	20	3.76e-07	37.4
ERR3855339	58A2R_1_rev	100.000	17	0	0	100	8	24	17	1	17	1.60e-05	31.9
ERR3855339	B58S3_1_rev	85.000	20	3	0	100	36	55	20	1	20	1.95e-04	29.2
ERR3855340	5.8S_Fungi_1_rev	100.000	23	0	0	100	33	55	23	1	23	8.83e-09	42.8
ERR3855340	ITS2_1_rev	100.000	20	0	0	100	7	26	20	1	20	3.76e-07	37.4
ERR3855340	58A2R_1_rev	100.000	17	0	0	100	8	24	17	1	17	1.60e-05	31.9
ERR3855340	B58S3_1_rev	85.000	20	3	0	100	36	55	20	1	20	1.95e-04	29.2
ERR3855342	ITS2_1_rev	100.000	17	0	0	24	8	24	20	1	17	3.44e-06	31.9
ERR3855342	58A2R_1_rev	100.000	16	0	0	24	9	24	17	1	16	1.20e-05	30.1
ERR3855344	5.8S_Fungi_1_rev	100.000	23	0	0	70	36	58	23	1	23	5.89e-09	42.8
ERR3855344	ITS2_1_rev	100.000	20	0	0	70	10	29	20	1	20	2.50e-07	37.4
ERR3855344	58A2R_1_rev	100.000	17	0	0	70	11	27	17	1	17	1.06e-05	31.9
ERR3855344	B58S3_1_rev	85.000	20	3	0	70	39	58	20	1	20	1.30e-04	29.2
ERR3855348	ITS2_1_rev	100.000	17	0	0	21	5	21	20	1	17	2.80e-06	31.9
ERR3855348	58A2R_1_rev	100.000	16	0	0	21	6	21	17	1	16	9.77e-06	30.1
ERR3855349	ITS2_1_rev	100.000	17	0	0	22	6	22	20	1	17	3.01e-06	31.9
ERR3855349	58A2R_1_rev	100.000	16	0	0	22	7	22	17	1	16	1.05e-05	30.1
ERR3855350	5.8S_Fungi_1_rev	100.000	23	0	0	56	32	54	23	1	23	4.52e-09	42.8
ERR3855350	ITS2_1_rev	100.000	20	0	0	56	6	25	20	1	20	1.92e-07	37.4
ERR3855350	58A2R_1_rev	100.000	17	0	0	56	7	23	17	1	17	8.16e-06	31.9
ERR3855350	B58S3_1_rev	85.000	20	3	0	56	35	54	20	1	20	9.95e-05	29.2
ERR3855351	ITS2_1_rev	100.000	17	0	0	23	7	23	20	1	17	3.23e-06	31.9
ERR3855351	58A2R_1_rev	100.000	16	0	0	23	8	23	17	1	16	1.13e-05	30.1
ERR3855351	ITS2_KYO2_1_rev	83.333	18	3	0	23	4	21	18	1	18	4.79e-04	25.6
ERR3855354	ITS2_1_rev	100.000	15	0	0	24	8	22	20	1	15	4.20e-05	28.3
ERR3855354	58A2R_1_rev	100.000	14	0	0	24	9	22	17	1	14	1.46e-04	26.5
ERR3855355	ITS2_1_rev	100.000	17	0	0	25	9	25	20	1	17	3.66e-06	31.9
ERR3855355	58A2R_1_rev	100.000	16	0	0	25	10	25	17	1	16	1.28e-05	30.1
ERR3855358	ITS2_1_rev	100.000	17	0	0	28	12	28	20	1	17	3.73e-06	31.9
ERR3855358	58A2R_1_rev	100.000	16	0	0	28	13	28	17	1	16	1.30e-05	30.1
ERR3855359	ITS2_1_rev	100.000	17	0	0	21	5	21	20	1	17	2.80e-06	31.9
ERR3855359	58A2R_1_rev	100.000	16	0	0	21	6	21	17	1	16	9.77e-06	30.1
ERR3855360	ITS2_1_rev	100.000	17	0	0	22	6	22	20	1	17	3.01e-06	31.9
ERR3855360	58A2R_1_rev	100.000	16	0	0	22	7	22	17	1	16	1.05e-05	30.1
ERR3855361	ITS2_1_rev	100.000	17	0	0	23	7	23	20	1	17	3.23e-06	31.9
ERR3855361	58A2R_1_rev	100.000	16	0	0	23	8	23	17	1	16	1.13e-05	30.1
ERR3855361	ITS2_KYO2_1_rev	83.333	18	3	0	23	4	21	18	1	18	4.79e-04	25.6
ERR3855362	5.8S_Fungi_1_rev	100.000	23	0	0	68	34	56	23	1	23	5.69e-09	42.8
ERR3855362	ITS2_1_rev	100.000	20	0	0	68	8	27	20	1	20	2.42e-07	37.4
ERR3855362	58A2R_1_rev	100.000	17	0	0	68	9	25	17	1	17	1.03e-05	31.9
ERR3855362	B58S3_1_rev	85.000	20	3	0	68	37	56	20	1	20	1.25e-04	29.2
ERR3855363	ITS2_1_rev	100.000	17	0	0	23	7	23	20	1	17	3.23e-06	31.9
ERR3855363	58A2R_1_rev	100.000	16	0	0	23	8	23	17	1	16	1.13e-05	30.1
ERR3855364	5.8S_Fungi_1_rev	100.000	23	0	0	68	34	56	23	1	23	5.69e-09	42.8
ERR3855364	ITS2_1_rev	100.000	20	0	0	68	8	27	20	1	20	2.42e-07	37.4
ERR3855364	58A2R_1_rev	100.000	17	0	0	68	9	25	17	1	17	1.03e-05	31.9
ERR3855364	B58S3_1_rev	85.000	20	3	0	68	37	56	20	1	20	1.25e-04	29.2
ERR3855365	5.8S_Fungi_1_rev	100.000	23	0	0	59	35	57	23	1	23	4.81e-09	42.8
ERR3855365	ITS2_1_rev	100.000	20	0	0	59	9	28	20	1	20	2.05e-07	37.4
ERR3855365	58A2R_1_rev	100.000	17	0	0	59	10	26	17	1	17	8.70e-06	31.9
ERR3855365	B58S3_1_rev	85.000	20	3	0	59	38	57	20	1	20	1.06e-04	29.2
ERR3855366	5.8S_Fungi_1_rev	100.000	23	0	0	100	34	56	23	1	23	8.83e-09	42.8
ERR3855366	ITS2_1_rev	100.000	20	0	0	100	8	27	20	1	20	3.76e-07	37.4
ERR3855366	58A2R_1_rev	100.000	17	0	0	100	9	25	17	1	17	1.60e-05	31.9
ERR3855366	B58S3_1_rev	85.000	20	3	0	100	37	56	20	1	20	1.95e-04	29.2
ERR3855367	ITS2_1_rev	100.000	17	0	0	26	10	26	20	1	17	3.34e-06	31.9
ERR3855367	58A2R_1_rev	100.000	16	0	0	26	11	26	17	1	16	1.17e-05	30.1
ERR3855368	5.8S_Fungi_1_rev	100.000	23	0	0	100	37	59	23	1	23	8.83e-09	42.8
ERR3855368	ITS2_1_rev	100.000	20	0	0	100	11	30	20	1	20	3.76e-07	37.4
ERR3855368	58A2R_1_rev	100.000	17	0	0	100	12	28	17	1	17	1.60e-05	31.9
ERR3855368	B58S3_1_rev	85.000	20	3	0	100	40	59	20	1	20	1.95e-04	29.2
ERR3855369	ITS2_1_rev	100.000	17	0	0	24	8	24	20	1	17	3.44e-06	31.9
ERR3855369	58A2R_1_rev	100.000	16	0	0	24	9	24	17	1	16	1.20e-05	30.1
ERR3855371	ITS2_1_rev	100.000	17	0	0	21	5	21	20	1	17	2.80e-06	31.9
ERR3855371	58A2R_1_rev	100.000	16	0	0	21	6	21	17	1	16	9.77e-06	30.1
ERR3855372	ITS2_1_rev	100.000	17	0	0	21	5	21	20	1	17	2.80e-06	31.9
ERR3855372	58A2R_1_rev	100.000	16	0	0	21	6	21	17	1	16	9.77e-06	30.1
ERR3855373	ITS2_1_rev	100.000	17	0	0	22	6	22	20	1	17	3.01e-06	31.9
ERR3855373	58A2R_1_rev	100.000	16	0	0	22	7	22	17	1	16	1.05e-05	30.1
ERR3855375	ITS2_1_rev	100.000	17	0	0	23	7	23	20	1	17	3.23e-06	31.9
ERR3855375	58A2R_1_rev	100.000	16	0	0	23	8	23	17	1	16	1.13e-05	30.1
ERR3855375	ITS2_KYO2_1_rev	83.333	18	3	0	23	4	21	18	1	18	4.79e-04	25.6
ERR3855376	ITS2_1_rev	100.000	17	0	0	25	9	25	20	1	17	3.66e-06	31.9
ERR3855376	58A2R_1_rev	100.000	16	0	0	25	10	25	17	1	16	1.28e-05	30.1
ERR3855378	5.8S_Fungi_1_rev	100.000	23	0	0	74	34	56	23	1	23	6.28e-09	42.8
ERR3855378	ITS2_1_rev	100.000	20	0	0	74	8	27	20	1	20	2.67e-07	37.4
ERR3855378	58A2R_1_rev	100.000	17	0	0	74	9	25	17	1	17	1.14e-05	31.9
ERR3855378	B58S3_1_rev	85.000	20	3	0	74	37	56	20	1	20	1.38e-04	29.2
ERR3855379	ITS2_1_rev	100.000	17	0	0	24	8	24	20	1	17	3.44e-06	31.9
ERR3855379	58A2R_1_rev	100.000	16	0	0	24	9	24	17	1	16	1.20e-05	30.1
ERR3855380	5.8S_Fungi_1_rev	100.000	23	0	0	62	35	57	23	1	23	5.10e-09	42.8
ERR3855380	ITS2_1_rev	100.000	20	0	0	62	9	28	20	1	20	2.17e-07	37.4
ERR3855380	58A2R_1_rev	100.000	17	0	0	62	10	26	17	1	17	9.23e-06	31.9
ERR3855380	B58S3_1_rev	85.000	20	3	0	62	38	57	20	1	20	1.12e-04	29.2
ERR3855381	ITS2_1_rev	100.000	17	0	0	26	10	26	20	1	17	3.34e-06	31.9
ERR3855381	58A2R_1_rev	100.000	16	0	0	26	11	26	17	1	16	1.17e-05	30.1
ERR3855382	ITS2_1_rev	100.000	17	0	0	27	11	27	20	1	17	3.53e-06	31.9
ERR3855382	58A2R_1_rev	100.000	16	0	0	27	12	27	17	1	16	1.23e-05	30.1
ERR3855384	ITS2_1_rev	100.000	17	0	0	21	5	21	20	1	17	2.80e-06	31.9
ERR3855384	58A2R_1_rev	100.000	16	0	0	21	6	21	17	1	16	9.77e-06	30.1
ERR3855385	ITS2_1_rev	100.000	17	0	0	21	5	21	20	1	17	2.80e-06	31.9
ERR3855385	58A2R_1_rev	100.000	16	0	0	21	6	21	17	1	16	9.77e-06	30.1
ERR3855386	ITS2_1_rev	100.000	17	0	0	22	6	22	20	1	17	3.01e-06	31.9
ERR3855386	58A2R_1_rev	100.000	16	0	0	22	7	22	17	1	16	1.05e-05	30.1
ERR3855387	5.8S_Fungi_1_rev	100.000	23	0	0	56	32	54	23	1	23	4.52e-09	42.8
ERR3855387	ITS2_1_rev	100.000	20	0	0	56	6	25	20	1	20	1.92e-07	37.4
ERR3855387	58A2R_1_rev	100.000	17	0	0	56	7	23	17	1	17	8.16e-06	31.9
ERR3855387	B58S3_1_rev	85.000	20	3	0	56	35	54	20	1	20	9.95e-05	29.2
ERR3855388	ITS2_1_rev	100.000	17	0	0	26	10	26	20	1	17	3.34e-06	31.9
ERR3855388	58A2R_1_rev	100.000	16	0	0	26	11	26	17	1	16	1.17e-05	30.1
ERR3855389	ITS2_1_rev	100.000	17	0	0	25	9	25	20	1	17	3.66e-06	31.9
ERR3855389	58A2R_1_rev	100.000	16	0	0	25	10	25	17	1	16	1.28e-05	30.1
ERR3855392	ITS2_1_rev	100.000	17	0	0	21	5	21	20	1	17	2.80e-06	31.9
ERR3855392	58A2R_1_rev	100.000	16	0	0	21	6	21	17	1	16	9.77e-06	30.1
ERR3855393	5.8S_Fungi_1_rev	100.000	23	0	0	62	31	53	23	1	23	5.10e-09	42.8
ERR3855393	ITS2_1_rev	100.000	20	0	0	62	5	24	20	1	20	2.17e-07	37.4
ERR3855393	58A2R_1_rev	100.000	17	0	0	62	6	22	17	1	17	9.23e-06	31.9
ERR3855393	B58S3_1_rev	85.000	20	3	0	62	34	53	20	1	20	1.12e-04	29.2
ERR3855394	ITS2_1_rev	100.000	17	0	0	22	6	22	20	1	17	3.01e-06	31.9
ERR3855394	58A2R_1_rev	100.000	16	0	0	22	7	22	17	1	16	1.05e-05	30.1
ERR3855395	ITS2_1_rev	100.000	17	0	0	22	6	22	20	1	17	3.01e-06	31.9
ERR3855395	58A2R_1_rev	100.000	16	0	0	22	7	22	17	1	16	1.05e-05	30.1
ERR3855396	ITS2_1_rev	100.000	17	0	0	23	7	23	20	1	17	3.23e-06	31.9
ERR3855396	58A2R_1_rev	100.000	16	0	0	23	8	23	17	1	16	1.13e-05	30.1
ERR3855396	ITS2_KYO2_1_rev	83.333	18	3	0	23	4	21	18	1	18	4.79e-04	25.6
ERR3855397	ITS2_1_rev	100.000	17	0	0	23	7	23	20	1	17	3.23e-06	31.9
ERR3855397	58A2R_1_rev	100.000	16	0	0	23	8	23	17	1	16	1.13e-05	30.1
ERR3855398	5.8S_Fungi_1_rev	100.000	23	0	0	68	34	56	23	1	23	5.69e-09	42.8
ERR3855398	ITS2_1_rev	100.000	20	0	0	68	8	27	20	1	20	2.42e-07	37.4
ERR3855398	58A2R_1_rev	100.000	17	0	0	68	9	25	17	1	17	1.03e-05	31.9
ERR3855398	B58S3_1_rev	85.000	20	3	0	68	37	56	20	1	20	1.25e-04	29.2
ERR3855399	ITS2_1_rev	100.000	17	0	0	24	8	24	20	1	17	3.44e-06	31.9
ERR3855399	58A2R_1_rev	100.000	16	0	0	24	9	24	17	1	16	1.20e-05	30.1
ERR3855400	ITS2_1_rev	100.000	17	0	0	27	11	27	20	1	17	3.53e-06	31.9
ERR3855400	58A2R_1_rev	100.000	16	0	0	27	12	27	17	1	16	1.23e-05	30.1
ERR3855402	ITS2_1_rev	100.000	17	0	0	22	6	22	20	1	17	3.01e-06	31.9
ERR3855402	58A2R_1_rev	100.000	16	0	0	22	7	22	17	1	16	1.05e-05	30.1
ERR3855403	ITS2_1_rev	100.000	17	0	0	23	7	23	20	1	17	3.23e-06	31.9
ERR3855403	58A2R_1_rev	100.000	16	0	0	23	8	23	17	1	16	1.13e-05	30.1
ERR3855403	ITS2_KYO2_1_rev	83.333	18	3	0	23	4	21	18	1	18	4.79e-04	25.6
ERR3855405	ITS2_1_rev	100.000	17	0	0	25	9	25	20	1	17	3.66e-06	31.9
ERR3855405	58A2R_1_rev	100.000	16	0	0	25	10	25	17	1	16	1.28e-05	30.1
ERR3855406	ITS2_1_rev	100.000	17	0	0	24	8	24	20	1	17	3.44e-06	31.9
ERR3855406	58A2R_1_rev	100.000	16	0	0	24	9	24	17	1	16	1.20e-05	30.1
ERR3855407	ITS2_1_rev	100.000	17	0	0	24	8	24	20	1	17	3.44e-06	31.9
ERR3855407	58A2R_1_rev	100.000	16	0	0	24	9	24	17	1	16	1.20e-05	30.1
ERR3855408	ITS2_1_rev	100.000	17	0	0	25	9	25	20	1	17	3.66e-06	31.9
ERR3855408	58A2R_1_rev	100.000	16	0	0	25	10	25	17	1	16	1.28e-05	30.1
ERR3855409	ITS2_1_rev	100.000	17	0	0	26	10	26	20	1	17	3.34e-06	31.9
ERR3855409	58A2R_1_rev	100.000	16	0	0	26	11	26	17	1	16	1.17e-05	30.1
ERR3855410	ITS2_1_rev	100.000	17	0	0	26	10	26	20	1	17	3.34e-06	31.9
ERR3855410	58A2R_1_rev	100.000	16	0	0	26	11	26	17	1	16	1.17e-05	30.1
ERR3855413	5.8S_Fungi_1_rev	100.000	23	0	0	62	31	53	23	1	23	5.10e-09	42.8
ERR3855413	ITS2_1_rev	100.000	20	0	0	62	5	24	20	1	20	2.17e-07	37.4
ERR3855413	58A2R_1_rev	100.000	17	0	0	62	6	22	17	1	17	9.23e-06	31.9
ERR3855413	B58S3_1_rev	85.000	20	3	0	62	34	53	20	1	20	1.12e-04	29.2
ERR3855414	5.8S_Fungi_1_rev	100.000	23	0	0	66	31	53	23	1	23	5.50e-09	42.8
ERR3855414	ITS2_1_rev	100.000	20	0	0	66	5	24	20	1	20	2.34e-07	37.4
ERR3855414	58A2R_1_rev	100.000	17	0	0	66	6	22	17	1	17	9.94e-06	31.9
ERR3855414	B58S3_1_rev	85.000	20	3	0	66	34	53	20	1	20	1.21e-04	29.2
ERR3855415	5.8S_Fungi_1_rev	100.000	23	0	0	63	32	54	23	1	23	5.20e-09	42.8
ERR3855415	ITS2_1_rev	100.000	20	0	0	63	6	25	20	1	20	2.21e-07	37.4
ERR3855415	58A2R_1_rev	100.000	17	0	0	63	7	23	17	1	17	9.41e-06	31.9
ERR3855415	B58S3_1_rev	85.000	20	3	0	63	35	54	20	1	20	1.15e-04	29.2
ERR3855416	ITS2_1_rev	100.000	17	0	0	22	6	22	20	1	17	3.01e-06	31.9
ERR3855416	58A2R_1_rev	100.000	16	0	0	22	7	22	17	1	16	1.05e-05	30.1
ERR3855417	ITS2_1_rev	100.000	17	0	0	23	7	23	20	1	17	3.23e-06	31.9
ERR3855417	58A2R_1_rev	100.000	16	0	0	23	8	23	17	1	16	1.13e-05	30.1
ERR3855417	ITS2_KYO2_1_rev	83.333	18	3	0	23	4	21	18	1	18	4.79e-04	25.6
ERR3855419	ITS2_1_rev	100.000	17	0	0	24	8	24	20	1	17	3.44e-06	31.9
ERR3855419	58A2R_1_rev	100.000	16	0	0	24	9	24	17	1	16	1.20e-05	30.1
